attribute,role,subgroup,metric,n,events,event_floor,floor_fail,proportion_nonestimable,bootstrap_flag,not_estimable_final,rule
sex,prespecified fairness axis,female,auroc,3689.0,190.0,25.0,False,0.0,False,False,pre-registered event floor OR bootstrap replicate rule (>10% non-estimable)
sex,prespecified fairness axis,female,auprc,3689.0,190.0,25.0,False,0.0,False,False,pre-registered event floor OR bootstrap replicate rule (>10% non-estimable)
sex,prespecified fairness axis,female,sensitivity,3689.0,190.0,25.0,False,0.0,False,False,pre-registered event floor OR bootstrap replicate rule (>10% non-estimable)
sex,prespecified fairness axis,female,specificity,3689.0,190.0,25.0,False,0.0,False,False,pre-registered event floor OR bootstrap replicate rule (>10% non-estimable)
sex,prespecified fairness axis,female,ppv,3689.0,190.0,25.0,False,0.0,False,False,pre-registered event floor OR bootstrap replicate rule (>10% non-estimable)
sex,prespecified fairness axis,female,npv,3689.0,190.0,25.0,False,0.0,False,False,pre-registered event floor OR bootstrap replicate rule (>10% non-estimable)
sex,prespecified fairness axis,male,auroc,7030.0,314.0,25.0,False,0.0,False,False,pre-registered event floor OR bootstrap replicate rule (>10% non-estimable)
sex,prespecified fairness axis,male,auprc,7030.0,314.0,25.0,False,0.0,False,False,pre-registered event floor OR bootstrap replicate rule (>10% non-estimable)
sex,prespecified fairness axis,male,sensitivity,7030.0,314.0,25.0,False,0.0,False,False,pre-registered event floor OR bootstrap replicate rule (>10% non-estimable)
sex,prespecified fairness axis,male,specificity,7030.0,314.0,25.0,False,0.0,False,False,pre-registered event floor OR bootstrap replicate rule (>10% non-estimable)
sex,prespecified fairness axis,male,ppv,7030.0,314.0,25.0,False,0.0,False,False,pre-registered event floor OR bootstrap replicate rule (>10% non-estimable)
sex,prespecified fairness axis,male,npv,7030.0,314.0,25.0,False,0.0,False,False,pre-registered event floor OR bootstrap replicate rule (>10% non-estimable)
sex,prespecified fairness axis,Overall,auroc,10719.0,504.0,25.0,False,0.0,False,False,pre-registered event floor OR bootstrap replicate rule (>10% non-estimable)
sex,prespecified fairness axis,Overall,auprc,10719.0,504.0,25.0,False,0.0,False,False,pre-registered event floor OR bootstrap replicate rule (>10% non-estimable)
sex,prespecified fairness axis,Overall,sensitivity,10719.0,504.0,25.0,False,0.0,False,False,pre-registered event floor OR bootstrap replicate rule (>10% non-estimable)
sex,prespecified fairness axis,Overall,specificity,10719.0,504.0,25.0,False,0.0,False,False,pre-registered event floor OR bootstrap replicate rule (>10% non-estimable)
sex,prespecified fairness axis,Overall,ppv,10719.0,504.0,25.0,False,0.0,False,False,pre-registered event floor OR bootstrap replicate rule (>10% non-estimable)
sex,prespecified fairness axis,Overall,npv,10719.0,504.0,25.0,False,0.0,False,False,pre-registered event floor OR bootstrap replicate rule (>10% non-estimable)
age_group,prespecified fairness axis,0-17,auroc,367.0,21.0,25.0,True,0.0,False,True,pre-registered event floor OR bootstrap replicate rule (>10% non-estimable)
age_group,prespecified fairness axis,0-17,auprc,367.0,21.0,25.0,True,0.0,False,True,pre-registered event floor OR bootstrap replicate rule (>10% non-estimable)
age_group,prespecified fairness axis,0-17,sensitivity,367.0,21.0,25.0,True,0.0,False,True,pre-registered event floor OR bootstrap replicate rule (>10% non-estimable)
age_group,prespecified fairness axis,0-17,specificity,367.0,21.0,25.0,True,0.0,False,True,pre-registered event floor OR bootstrap replicate rule (>10% non-estimable)
age_group,prespecified fairness axis,0-17,ppv,367.0,21.0,25.0,True,0.0,False,True,pre-registered event floor OR bootstrap replicate rule (>10% non-estimable)
age_group,prespecified fairness axis,0-17,npv,367.0,21.0,25.0,True,0.0,False,True,pre-registered event floor OR bootstrap replicate rule (>10% non-estimable)
age_group,prespecified fairness axis,18-44,auroc,941.0,34.0,25.0,False,0.0,False,False,pre-registered event floor OR bootstrap replicate rule (>10% non-estimable)
age_group,prespecified fairness axis,18-44,auprc,941.0,34.0,25.0,False,0.0,False,False,pre-registered event floor OR bootstrap replicate rule (>10% non-estimable)
age_group,prespecified fairness axis,18-44,sensitivity,941.0,34.0,25.0,False,0.0,False,False,pre-registered event floor OR bootstrap replicate rule (>10% non-estimable)
age_group,prespecified fairness axis,18-44,specificity,941.0,34.0,25.0,False,0.0,False,False,pre-registered event floor OR bootstrap replicate rule (>10% non-estimable)
age_group,prespecified fairness axis,18-44,ppv,941.0,34.0,25.0,False,0.0,False,False,pre-registered event floor OR bootstrap replicate rule (>10% non-estimable)
age_group,prespecified fairness axis,18-44,npv,941.0,34.0,25.0,False,0.0,False,False,pre-registered event floor OR bootstrap replicate rule (>10% non-estimable)
age_group,prespecified fairness axis,45-64,auroc,3715.0,147.0,25.0,False,0.0,False,False,pre-registered event floor OR bootstrap replicate rule (>10% non-estimable)
age_group,prespecified fairness axis,45-64,auprc,3715.0,147.0,25.0,False,0.0,False,False,pre-registered event floor OR bootstrap replicate rule (>10% non-estimable)
age_group,prespecified fairness axis,45-64,sensitivity,3715.0,147.0,25.0,False,0.0,False,False,pre-registered event floor OR bootstrap replicate rule (>10% non-estimable)
age_group,prespecified fairness axis,45-64,specificity,3715.0,147.0,25.0,False,0.0,False,False,pre-registered event floor OR bootstrap replicate rule (>10% non-estimable)
age_group,prespecified fairness axis,45-64,ppv,3715.0,147.0,25.0,False,0.0,False,False,pre-registered event floor OR bootstrap replicate rule (>10% non-estimable)
age_group,prespecified fairness axis,45-64,npv,3715.0,147.0,25.0,False,0.0,False,False,pre-registered event floor OR bootstrap replicate rule (>10% non-estimable)
age_group,prespecified fairness axis,65-79,auroc,4684.0,249.0,25.0,False,0.0,False,False,pre-registered event floor OR bootstrap replicate rule (>10% non-estimable)
age_group,prespecified fairness axis,65-79,auprc,4684.0,249.0,25.0,False,0.0,False,False,pre-registered event floor OR bootstrap replicate rule (>10% non-estimable)
age_group,prespecified fairness axis,65-79,sensitivity,4684.0,249.0,25.0,False,0.0,False,False,pre-registered event floor OR bootstrap replicate rule (>10% non-estimable)
age_group,prespecified fairness axis,65-79,specificity,4684.0,249.0,25.0,False,0.0,False,False,pre-registered event floor OR bootstrap replicate rule (>10% non-estimable)
age_group,prespecified fairness axis,65-79,ppv,4684.0,249.0,25.0,False,0.0,False,False,pre-registered event floor OR bootstrap replicate rule (>10% non-estimable)
age_group,prespecified fairness axis,65-79,npv,4684.0,249.0,25.0,False,0.0,False,False,pre-registered event floor OR bootstrap replicate rule (>10% non-estimable)
age_group,prespecified fairness axis,80+,auroc,1012.0,53.0,25.0,False,0.0,False,False,pre-registered event floor OR bootstrap replicate rule (>10% non-estimable)
age_group,prespecified fairness axis,80+,auprc,1012.0,53.0,25.0,False,0.0,False,False,pre-registered event floor OR bootstrap replicate rule (>10% non-estimable)
age_group,prespecified fairness axis,80+,sensitivity,1012.0,53.0,25.0,False,0.0,False,False,pre-registered event floor OR bootstrap replicate rule (>10% non-estimable)
age_group,prespecified fairness axis,80+,specificity,1012.0,53.0,25.0,False,0.0,False,False,pre-registered event floor OR bootstrap replicate rule (>10% non-estimable)
age_group,prespecified fairness axis,80+,ppv,1012.0,53.0,25.0,False,0.0,False,False,pre-registered event floor OR bootstrap replicate rule (>10% non-estimable)
age_group,prespecified fairness axis,80+,npv,1012.0,53.0,25.0,False,0.0,False,False,pre-registered event floor OR bootstrap replicate rule (>10% non-estimable)
age_group,prespecified fairness axis,Overall,auroc,10719.0,504.0,25.0,False,0.0,False,False,pre-registered event floor OR bootstrap replicate rule (>10% non-estimable)
age_group,prespecified fairness axis,Overall,auprc,10719.0,504.0,25.0,False,0.0,False,False,pre-registered event floor OR bootstrap replicate rule (>10% non-estimable)
age_group,prespecified fairness axis,Overall,sensitivity,10719.0,504.0,25.0,False,0.0,False,False,pre-registered event floor OR bootstrap replicate rule (>10% non-estimable)
age_group,prespecified fairness axis,Overall,specificity,10719.0,504.0,25.0,False,0.0,False,False,pre-registered event floor OR bootstrap replicate rule (>10% non-estimable)
age_group,prespecified fairness axis,Overall,ppv,10719.0,504.0,25.0,False,0.0,False,False,pre-registered event floor OR bootstrap replicate rule (>10% non-estimable)
age_group,prespecified fairness axis,Overall,npv,10719.0,504.0,25.0,False,0.0,False,False,pre-registered event floor OR bootstrap replicate rule (>10% non-estimable)
frailty,prespecified fairness axis,frail,auroc,6139.0,400.0,25.0,False,0.0,False,False,pre-registered event floor OR bootstrap replicate rule (>10% non-estimable)
frailty,prespecified fairness axis,frail,auprc,6139.0,400.0,25.0,False,0.0,False,False,pre-registered event floor OR bootstrap replicate rule (>10% non-estimable)
frailty,prespecified fairness axis,frail,sensitivity,6139.0,400.0,25.0,False,0.0,False,False,pre-registered event floor OR bootstrap replicate rule (>10% non-estimable)
frailty,prespecified fairness axis,frail,specificity,6139.0,400.0,25.0,False,0.0,False,False,pre-registered event floor OR bootstrap replicate rule (>10% non-estimable)
frailty,prespecified fairness axis,frail,ppv,6139.0,400.0,25.0,False,0.0,False,False,pre-registered event floor OR bootstrap replicate rule (>10% non-estimable)
frailty,prespecified fairness axis,frail,npv,6139.0,400.0,25.0,False,0.0,False,False,pre-registered event floor OR bootstrap replicate rule (>10% non-estimable)
frailty,prespecified fairness axis,non_frail,auroc,1022.0,6.0,25.0,True,0.0044999999999999485,False,True,pre-registered event floor OR bootstrap replicate rule (>10% non-estimable)
frailty,prespecified fairness axis,non_frail,auprc,1022.0,6.0,25.0,True,0.0044999999999999485,False,True,pre-registered event floor OR bootstrap replicate rule (>10% non-estimable)
frailty,prespecified fairness axis,non_frail,sensitivity,1022.0,6.0,25.0,True,0.0044999999999999485,False,True,pre-registered event floor OR bootstrap replicate rule (>10% non-estimable)
frailty,prespecified fairness axis,non_frail,specificity,1022.0,6.0,25.0,True,0.0,False,True,pre-registered event floor OR bootstrap replicate rule (>10% non-estimable)
frailty,prespecified fairness axis,non_frail,ppv,1022.0,6.0,25.0,True,0.0,False,True,pre-registered event floor OR bootstrap replicate rule (>10% non-estimable)
frailty,prespecified fairness axis,non_frail,npv,1022.0,6.0,25.0,True,0.0,False,True,pre-registered event floor OR bootstrap replicate rule (>10% non-estimable)
frailty,prespecified fairness axis,pre_frail,auroc,3558.0,98.0,25.0,False,0.0,False,False,pre-registered event floor OR bootstrap replicate rule (>10% non-estimable)
frailty,prespecified fairness axis,pre_frail,auprc,3558.0,98.0,25.0,False,0.0,False,False,pre-registered event floor OR bootstrap replicate rule (>10% non-estimable)
frailty,prespecified fairness axis,pre_frail,sensitivity,3558.0,98.0,25.0,False,0.0,False,False,pre-registered event floor OR bootstrap replicate rule (>10% non-estimable)
frailty,prespecified fairness axis,pre_frail,specificity,3558.0,98.0,25.0,False,0.0,False,False,pre-registered event floor OR bootstrap replicate rule (>10% non-estimable)
frailty,prespecified fairness axis,pre_frail,ppv,3558.0,98.0,25.0,False,0.0,False,False,pre-registered event floor OR bootstrap replicate rule (>10% non-estimable)
frailty,prespecified fairness axis,pre_frail,npv,3558.0,98.0,25.0,False,0.0,False,False,pre-registered event floor OR bootstrap replicate rule (>10% non-estimable)
frailty,prespecified fairness axis,Overall,auroc,10719.0,504.0,25.0,False,0.0,False,False,pre-registered event floor OR bootstrap replicate rule (>10% non-estimable)
frailty,prespecified fairness axis,Overall,auprc,10719.0,504.0,25.0,False,0.0,False,False,pre-registered event floor OR bootstrap replicate rule (>10% non-estimable)
frailty,prespecified fairness axis,Overall,sensitivity,10719.0,504.0,25.0,False,0.0,False,False,pre-registered event floor OR bootstrap replicate rule (>10% non-estimable)
frailty,prespecified fairness axis,Overall,specificity,10719.0,504.0,25.0,False,0.0,False,False,pre-registered event floor OR bootstrap replicate rule (>10% non-estimable)
frailty,prespecified fairness axis,Overall,ppv,10719.0,504.0,25.0,False,0.0,False,False,pre-registered event floor OR bootstrap replicate rule (>10% non-estimable)
frailty,prespecified fairness axis,Overall,npv,10719.0,504.0,25.0,False,0.0,False,False,pre-registered event floor OR bootstrap replicate rule (>10% non-estimable)
clinic,descriptive case-mix heterogeneity,ORL,auroc,233.0,15.0,25.0,True,0.0,False,True,pre-registered event floor OR bootstrap replicate rule (>10% non-estimable)
clinic,descriptive case-mix heterogeneity,ORL,auprc,233.0,15.0,25.0,True,0.0,False,True,pre-registered event floor OR bootstrap replicate rule (>10% non-estimable)
clinic,descriptive case-mix heterogeneity,ORL,sensitivity,233.0,15.0,25.0,True,0.0,False,True,pre-registered event floor OR bootstrap replicate rule (>10% non-estimable)
clinic,descriptive case-mix heterogeneity,ORL,specificity,233.0,15.0,25.0,True,0.0,False,True,pre-registered event floor OR bootstrap replicate rule (>10% non-estimable)
clinic,descriptive case-mix heterogeneity,ORL,ppv,233.0,15.0,25.0,True,0.0,False,True,pre-registered event floor OR bootstrap replicate rule (>10% non-estimable)
clinic,descriptive case-mix heterogeneity,ORL,npv,233.0,15.0,25.0,True,0.0,False,True,pre-registered event floor OR bootstrap replicate rule (>10% non-estimable)
clinic,descriptive case-mix heterogeneity,gynecology,auroc,452.0,24.0,25.0,True,0.0,False,True,pre-registered event floor OR bootstrap replicate rule (>10% non-estimable)
clinic,descriptive case-mix heterogeneity,gynecology,auprc,452.0,24.0,25.0,True,0.0,False,True,pre-registered event floor OR bootstrap replicate rule (>10% non-estimable)
clinic,descriptive case-mix heterogeneity,gynecology,sensitivity,452.0,24.0,25.0,True,0.0,False,True,pre-registered event floor OR bootstrap replicate rule (>10% non-estimable)
clinic,descriptive case-mix heterogeneity,gynecology,specificity,452.0,24.0,25.0,True,0.0,False,True,pre-registered event floor OR bootstrap replicate rule (>10% non-estimable)
clinic,descriptive case-mix heterogeneity,gynecology,ppv,452.0,24.0,25.0,True,0.0,False,True,pre-registered event floor OR bootstrap replicate rule (>10% non-estimable)
clinic,descriptive case-mix heterogeneity,gynecology,npv,452.0,24.0,25.0,True,0.0,False,True,pre-registered event floor OR bootstrap replicate rule (>10% non-estimable)
clinic,descriptive case-mix heterogeneity,neuro,auroc,1117.0,26.0,25.0,False,0.0,False,False,pre-registered event floor OR bootstrap replicate rule (>10% non-estimable)
clinic,descriptive case-mix heterogeneity,neuro,auprc,1117.0,26.0,25.0,False,0.0,False,False,pre-registered event floor OR bootstrap replicate rule (>10% non-estimable)
clinic,descriptive case-mix heterogeneity,neuro,sensitivity,1117.0,26.0,25.0,False,0.0,False,False,pre-registered event floor OR bootstrap replicate rule (>10% non-estimable)
clinic,descriptive case-mix heterogeneity,neuro,specificity,1117.0,26.0,25.0,False,0.0,False,False,pre-registered event floor OR bootstrap replicate rule (>10% non-estimable)
clinic,descriptive case-mix heterogeneity,neuro,ppv,1117.0,26.0,25.0,False,0.0,False,False,pre-registered event floor OR bootstrap replicate rule (>10% non-estimable)
clinic,descriptive case-mix heterogeneity,neuro,npv,1117.0,26.0,25.0,False,0.0,False,False,pre-registered event floor OR bootstrap replicate rule (>10% non-estimable)
clinic,descriptive case-mix heterogeneity,ortho,auroc,1690.0,76.0,25.0,False,0.0,False,False,pre-registered event floor OR bootstrap replicate rule (>10% non-estimable)
clinic,descriptive case-mix heterogeneity,ortho,auprc,1690.0,76.0,25.0,False,0.0,False,False,pre-registered event floor OR bootstrap replicate rule (>10% non-estimable)
clinic,descriptive case-mix heterogeneity,ortho,sensitivity,1690.0,76.0,25.0,False,0.0,False,False,pre-registered event floor OR bootstrap replicate rule (>10% non-estimable)
clinic,descriptive case-mix heterogeneity,ortho,specificity,1690.0,76.0,25.0,False,0.0,False,False,pre-registered event floor OR bootstrap replicate rule (>10% non-estimable)
clinic,descriptive case-mix heterogeneity,ortho,ppv,1690.0,76.0,25.0,False,0.0,False,False,pre-registered event floor OR bootstrap replicate rule (>10% non-estimable)
clinic,descriptive case-mix heterogeneity,ortho,npv,1690.0,76.0,25.0,False,0.0,False,False,pre-registered event floor OR bootstrap replicate rule (>10% non-estimable)
clinic,descriptive case-mix heterogeneity,pediatric,auroc,65.0,3.0,25.0,True,0.050000000000000044,False,True,pre-registered event floor OR bootstrap replicate rule (>10% non-estimable)
clinic,descriptive case-mix heterogeneity,pediatric,auprc,65.0,3.0,25.0,True,0.050000000000000044,False,True,pre-registered event floor OR bootstrap replicate rule (>10% non-estimable)
clinic,descriptive case-mix heterogeneity,pediatric,sensitivity,65.0,3.0,25.0,True,0.050000000000000044,False,True,pre-registered event floor OR bootstrap replicate rule (>10% non-estimable)
clinic,descriptive case-mix heterogeneity,pediatric,specificity,65.0,3.0,25.0,True,0.0,False,True,pre-registered event floor OR bootstrap replicate rule (>10% non-estimable)
clinic,descriptive case-mix heterogeneity,pediatric,ppv,65.0,3.0,25.0,True,0.0,False,True,pre-registered event floor OR bootstrap replicate rule (>10% non-estimable)
clinic,descriptive case-mix heterogeneity,pediatric,npv,65.0,3.0,25.0,True,0.0,False,True,pre-registered event floor OR bootstrap replicate rule (>10% non-estimable)
clinic,descriptive case-mix heterogeneity,thoracic,auroc,723.0,14.0,25.0,True,0.0,False,True,pre-registered event floor OR bootstrap replicate rule (>10% non-estimable)
clinic,descriptive case-mix heterogeneity,thoracic,auprc,723.0,14.0,25.0,True,0.0,False,True,pre-registered event floor OR bootstrap replicate rule (>10% non-estimable)
clinic,descriptive case-mix heterogeneity,thoracic,sensitivity,723.0,14.0,25.0,True,0.0,False,True,pre-registered event floor OR bootstrap replicate rule (>10% non-estimable)
clinic,descriptive case-mix heterogeneity,thoracic,specificity,723.0,14.0,25.0,True,0.0,False,True,pre-registered event floor OR bootstrap replicate rule (>10% non-estimable)
clinic,descriptive case-mix heterogeneity,thoracic,ppv,723.0,14.0,25.0,True,0.0,False,True,pre-registered event floor OR bootstrap replicate rule (>10% non-estimable)
clinic,descriptive case-mix heterogeneity,thoracic,npv,723.0,14.0,25.0,True,0.0,False,True,pre-registered event floor OR bootstrap replicate rule (>10% non-estimable)
clinic,descriptive case-mix heterogeneity,urology,auroc,349.0,19.0,25.0,True,0.0,False,True,pre-registered event floor OR bootstrap replicate rule (>10% non-estimable)
clinic,descriptive case-mix heterogeneity,urology,auprc,349.0,19.0,25.0,True,0.0,False,True,pre-registered event floor OR bootstrap replicate rule (>10% non-estimable)
clinic,descriptive case-mix heterogeneity,urology,sensitivity,349.0,19.0,25.0,True,0.0,False,True,pre-registered event floor OR bootstrap replicate rule (>10% non-estimable)
clinic,descriptive case-mix heterogeneity,urology,specificity,349.0,19.0,25.0,True,0.0,False,True,pre-registered event floor OR bootstrap replicate rule (>10% non-estimable)
clinic,descriptive case-mix heterogeneity,urology,ppv,349.0,19.0,25.0,True,0.0,False,True,pre-registered event floor OR bootstrap replicate rule (>10% non-estimable)
clinic,descriptive case-mix heterogeneity,urology,npv,349.0,19.0,25.0,True,0.0,False,True,pre-registered event floor OR bootstrap replicate rule (>10% non-estimable)
clinic,descriptive case-mix heterogeneity,vascular,auroc,4852.0,184.0,25.0,False,0.0,False,False,pre-registered event floor OR bootstrap replicate rule (>10% non-estimable)
clinic,descriptive case-mix heterogeneity,vascular,auprc,4852.0,184.0,25.0,False,0.0,False,False,pre-registered event floor OR bootstrap replicate rule (>10% non-estimable)
clinic,descriptive case-mix heterogeneity,vascular,sensitivity,4852.0,184.0,25.0,False,0.0,False,False,pre-registered event floor OR bootstrap replicate rule (>10% non-estimable)
clinic,descriptive case-mix heterogeneity,vascular,specificity,4852.0,184.0,25.0,False,0.0,False,False,pre-registered event floor OR bootstrap replicate rule (>10% non-estimable)
clinic,descriptive case-mix heterogeneity,vascular,ppv,4852.0,184.0,25.0,False,0.0,False,False,pre-registered event floor OR bootstrap replicate rule (>10% non-estimable)
clinic,descriptive case-mix heterogeneity,vascular,npv,4852.0,184.0,25.0,False,0.0,False,False,pre-registered event floor OR bootstrap replicate rule (>10% non-estimable)
clinic,descriptive case-mix heterogeneity,visceral,auroc,1238.0,143.0,25.0,False,0.0,False,False,pre-registered event floor OR bootstrap replicate rule (>10% non-estimable)
clinic,descriptive case-mix heterogeneity,visceral,auprc,1238.0,143.0,25.0,False,0.0,False,False,pre-registered event floor OR bootstrap replicate rule (>10% non-estimable)
clinic,descriptive case-mix heterogeneity,visceral,sensitivity,1238.0,143.0,25.0,False,0.0,False,False,pre-registered event floor OR bootstrap replicate rule (>10% non-estimable)
clinic,descriptive case-mix heterogeneity,visceral,specificity,1238.0,143.0,25.0,False,0.0,False,False,pre-registered event floor OR bootstrap replicate rule (>10% non-estimable)
clinic,descriptive case-mix heterogeneity,visceral,ppv,1238.0,143.0,25.0,False,0.0,False,False,pre-registered event floor OR bootstrap replicate rule (>10% non-estimable)
clinic,descriptive case-mix heterogeneity,visceral,npv,1238.0,143.0,25.0,False,0.0,False,False,pre-registered event floor OR bootstrap replicate rule (>10% non-estimable)
clinic,descriptive case-mix heterogeneity,Overall,auroc,10719.0,504.0,25.0,False,0.0,False,False,pre-registered event floor OR bootstrap replicate rule (>10% non-estimable)
clinic,descriptive case-mix heterogeneity,Overall,auprc,10719.0,504.0,25.0,False,0.0,False,False,pre-registered event floor OR bootstrap replicate rule (>10% non-estimable)
clinic,descriptive case-mix heterogeneity,Overall,sensitivity,10719.0,504.0,25.0,False,0.0,False,False,pre-registered event floor OR bootstrap replicate rule (>10% non-estimable)
clinic,descriptive case-mix heterogeneity,Overall,specificity,10719.0,504.0,25.0,False,0.0,False,False,pre-registered event floor OR bootstrap replicate rule (>10% non-estimable)
clinic,descriptive case-mix heterogeneity,Overall,ppv,10719.0,504.0,25.0,False,0.0,False,False,pre-registered event floor OR bootstrap replicate rule (>10% non-estimable)
clinic,descriptive case-mix heterogeneity,Overall,npv,10719.0,504.0,25.0,False,0.0,False,False,pre-registered event floor OR bootstrap replicate rule (>10% non-estimable)
surgical_group,descriptive case-mix heterogeneity,chopcluster_1,auroc,903.0,22.0,25.0,True,0.0,False,True,pre-registered event floor OR bootstrap replicate rule (>10% non-estimable)
surgical_group,descriptive case-mix heterogeneity,chopcluster_1,auprc,903.0,22.0,25.0,True,0.0,False,True,pre-registered event floor OR bootstrap replicate rule (>10% non-estimable)
surgical_group,descriptive case-mix heterogeneity,chopcluster_1,sensitivity,903.0,22.0,25.0,True,0.0,False,True,pre-registered event floor OR bootstrap replicate rule (>10% non-estimable)
surgical_group,descriptive case-mix heterogeneity,chopcluster_1,specificity,903.0,22.0,25.0,True,0.0,False,True,pre-registered event floor OR bootstrap replicate rule (>10% non-estimable)
surgical_group,descriptive case-mix heterogeneity,chopcluster_1,ppv,903.0,22.0,25.0,True,0.0,False,True,pre-registered event floor OR bootstrap replicate rule (>10% non-estimable)
surgical_group,descriptive case-mix heterogeneity,chopcluster_1,npv,903.0,22.0,25.0,True,0.0,False,True,pre-registered event floor OR bootstrap replicate rule (>10% non-estimable)
surgical_group,descriptive case-mix heterogeneity,chopcluster_10,auroc,346.0,28.0,25.0,False,0.0,False,False,pre-registered event floor OR bootstrap replicate rule (>10% non-estimable)
surgical_group,descriptive case-mix heterogeneity,chopcluster_10,auprc,346.0,28.0,25.0,False,0.0,False,False,pre-registered event floor OR bootstrap replicate rule (>10% non-estimable)
surgical_group,descriptive case-mix heterogeneity,chopcluster_10,sensitivity,346.0,28.0,25.0,False,0.0,False,False,pre-registered event floor OR bootstrap replicate rule (>10% non-estimable)
surgical_group,descriptive case-mix heterogeneity,chopcluster_10,specificity,346.0,28.0,25.0,False,0.0,False,False,pre-registered event floor OR bootstrap replicate rule (>10% non-estimable)
surgical_group,descriptive case-mix heterogeneity,chopcluster_10,ppv,346.0,28.0,25.0,False,0.0,False,False,pre-registered event floor OR bootstrap replicate rule (>10% non-estimable)
surgical_group,descriptive case-mix heterogeneity,chopcluster_10,npv,346.0,28.0,25.0,False,0.0,False,False,pre-registered event floor OR bootstrap replicate rule (>10% non-estimable)
surgical_group,descriptive case-mix heterogeneity,chopcluster_11,auroc,303.0,9.0,25.0,True,0.0,False,True,pre-registered event floor OR bootstrap replicate rule (>10% non-estimable)
surgical_group,descriptive case-mix heterogeneity,chopcluster_11,auprc,303.0,9.0,25.0,True,0.0,False,True,pre-registered event floor OR bootstrap replicate rule (>10% non-estimable)
surgical_group,descriptive case-mix heterogeneity,chopcluster_11,sensitivity,303.0,9.0,25.0,True,0.0,False,True,pre-registered event floor OR bootstrap replicate rule (>10% non-estimable)
surgical_group,descriptive case-mix heterogeneity,chopcluster_11,specificity,303.0,9.0,25.0,True,0.0,False,True,pre-registered event floor OR bootstrap replicate rule (>10% non-estimable)
surgical_group,descriptive case-mix heterogeneity,chopcluster_11,ppv,303.0,9.0,25.0,True,0.0,False,True,pre-registered event floor OR bootstrap replicate rule (>10% non-estimable)
surgical_group,descriptive case-mix heterogeneity,chopcluster_11,npv,303.0,9.0,25.0,True,0.0,False,True,pre-registered event floor OR bootstrap replicate rule (>10% non-estimable)
surgical_group,descriptive case-mix heterogeneity,chopcluster_12,auroc,1623.0,62.0,25.0,False,0.0,False,False,pre-registered event floor OR bootstrap replicate rule (>10% non-estimable)
surgical_group,descriptive case-mix heterogeneity,chopcluster_12,auprc,1623.0,62.0,25.0,False,0.0,False,False,pre-registered event floor OR bootstrap replicate rule (>10% non-estimable)
surgical_group,descriptive case-mix heterogeneity,chopcluster_12,sensitivity,1623.0,62.0,25.0,False,0.0,False,False,pre-registered event floor OR bootstrap replicate rule (>10% non-estimable)
surgical_group,descriptive case-mix heterogeneity,chopcluster_12,specificity,1623.0,62.0,25.0,False,0.0,False,False,pre-registered event floor OR bootstrap replicate rule (>10% non-estimable)
surgical_group,descriptive case-mix heterogeneity,chopcluster_12,ppv,1623.0,62.0,25.0,False,0.0,False,False,pre-registered event floor OR bootstrap replicate rule (>10% non-estimable)
surgical_group,descriptive case-mix heterogeneity,chopcluster_12,npv,1623.0,62.0,25.0,False,0.0,False,False,pre-registered event floor OR bootstrap replicate rule (>10% non-estimable)
surgical_group,descriptive case-mix heterogeneity,chopcluster_13,auroc,213.0,43.0,25.0,False,0.0,False,False,pre-registered event floor OR bootstrap replicate rule (>10% non-estimable)
surgical_group,descriptive case-mix heterogeneity,chopcluster_13,auprc,213.0,43.0,25.0,False,0.0,False,False,pre-registered event floor OR bootstrap replicate rule (>10% non-estimable)
surgical_group,descriptive case-mix heterogeneity,chopcluster_13,sensitivity,213.0,43.0,25.0,False,0.0,False,False,pre-registered event floor OR bootstrap replicate rule (>10% non-estimable)
surgical_group,descriptive case-mix heterogeneity,chopcluster_13,specificity,213.0,43.0,25.0,False,0.0,False,False,pre-registered event floor OR bootstrap replicate rule (>10% non-estimable)
surgical_group,descriptive case-mix heterogeneity,chopcluster_13,ppv,213.0,43.0,25.0,False,0.0,False,False,pre-registered event floor OR bootstrap replicate rule (>10% non-estimable)
surgical_group,descriptive case-mix heterogeneity,chopcluster_13,npv,213.0,43.0,25.0,False,0.0,False,False,pre-registered event floor OR bootstrap replicate rule (>10% non-estimable)
surgical_group,descriptive case-mix heterogeneity,chopcluster_3,auroc,807.0,22.0,25.0,True,0.0,False,True,pre-registered event floor OR bootstrap replicate rule (>10% non-estimable)
surgical_group,descriptive case-mix heterogeneity,chopcluster_3,auprc,807.0,22.0,25.0,True,0.0,False,True,pre-registered event floor OR bootstrap replicate rule (>10% non-estimable)
surgical_group,descriptive case-mix heterogeneity,chopcluster_3,sensitivity,807.0,22.0,25.0,True,0.0,False,True,pre-registered event floor OR bootstrap replicate rule (>10% non-estimable)
surgical_group,descriptive case-mix heterogeneity,chopcluster_3,specificity,807.0,22.0,25.0,True,0.0,False,True,pre-registered event floor OR bootstrap replicate rule (>10% non-estimable)
surgical_group,descriptive case-mix heterogeneity,chopcluster_3,ppv,807.0,22.0,25.0,True,0.0,False,True,pre-registered event floor OR bootstrap replicate rule (>10% non-estimable)
surgical_group,descriptive case-mix heterogeneity,chopcluster_3,npv,807.0,22.0,25.0,True,0.0,False,True,pre-registered event floor OR bootstrap replicate rule (>10% non-estimable)
surgical_group,descriptive case-mix heterogeneity,chopcluster_4,auroc,3764.0,118.0,25.0,False,0.0,False,False,pre-registered event floor OR bootstrap replicate rule (>10% non-estimable)
surgical_group,descriptive case-mix heterogeneity,chopcluster_4,auprc,3764.0,118.0,25.0,False,0.0,False,False,pre-registered event floor OR bootstrap replicate rule (>10% non-estimable)
surgical_group,descriptive case-mix heterogeneity,chopcluster_4,sensitivity,3764.0,118.0,25.0,False,0.0,False,False,pre-registered event floor OR bootstrap replicate rule (>10% non-estimable)
surgical_group,descriptive case-mix heterogeneity,chopcluster_4,specificity,3764.0,118.0,25.0,False,0.0,False,False,pre-registered event floor OR bootstrap replicate rule (>10% non-estimable)
surgical_group,descriptive case-mix heterogeneity,chopcluster_4,ppv,3764.0,118.0,25.0,False,0.0,False,False,pre-registered event floor OR bootstrap replicate rule (>10% non-estimable)
surgical_group,descriptive case-mix heterogeneity,chopcluster_4,npv,3764.0,118.0,25.0,False,0.0,False,False,pre-registered event floor OR bootstrap replicate rule (>10% non-estimable)
surgical_group,descriptive case-mix heterogeneity,chopcluster_5,auroc,769.0,30.0,25.0,False,0.0,False,False,pre-registered event floor OR bootstrap replicate rule (>10% non-estimable)
surgical_group,descriptive case-mix heterogeneity,chopcluster_5,auprc,769.0,30.0,25.0,False,0.0,False,False,pre-registered event floor OR bootstrap replicate rule (>10% non-estimable)
surgical_group,descriptive case-mix heterogeneity,chopcluster_5,sensitivity,769.0,30.0,25.0,False,0.0,False,False,pre-registered event floor OR bootstrap replicate rule (>10% non-estimable)
surgical_group,descriptive case-mix heterogeneity,chopcluster_5,specificity,769.0,30.0,25.0,False,0.0,False,False,pre-registered event floor OR bootstrap replicate rule (>10% non-estimable)
surgical_group,descriptive case-mix heterogeneity,chopcluster_5,ppv,769.0,30.0,25.0,False,0.0,False,False,pre-registered event floor OR bootstrap replicate rule (>10% non-estimable)
surgical_group,descriptive case-mix heterogeneity,chopcluster_5,npv,769.0,30.0,25.0,False,0.0,False,False,pre-registered event floor OR bootstrap replicate rule (>10% non-estimable)
surgical_group,descriptive case-mix heterogeneity,chopcluster_6,auroc,530.0,67.0,25.0,False,0.0,False,False,pre-registered event floor OR bootstrap replicate rule (>10% non-estimable)
surgical_group,descriptive case-mix heterogeneity,chopcluster_6,auprc,530.0,67.0,25.0,False,0.0,False,False,pre-registered event floor OR bootstrap replicate rule (>10% non-estimable)
surgical_group,descriptive case-mix heterogeneity,chopcluster_6,sensitivity,530.0,67.0,25.0,False,0.0,False,False,pre-registered event floor OR bootstrap replicate rule (>10% non-estimable)
surgical_group,descriptive case-mix heterogeneity,chopcluster_6,specificity,530.0,67.0,25.0,False,0.0,False,False,pre-registered event floor OR bootstrap replicate rule (>10% non-estimable)
surgical_group,descriptive case-mix heterogeneity,chopcluster_6,ppv,530.0,67.0,25.0,False,0.0,False,False,pre-registered event floor OR bootstrap replicate rule (>10% non-estimable)
surgical_group,descriptive case-mix heterogeneity,chopcluster_6,npv,530.0,67.0,25.0,False,0.0,False,False,pre-registered event floor OR bootstrap replicate rule (>10% non-estimable)
surgical_group,descriptive case-mix heterogeneity,chopcluster_7,auroc,298.0,36.0,25.0,False,0.0,False,False,pre-registered event floor OR bootstrap replicate rule (>10% non-estimable)
surgical_group,descriptive case-mix heterogeneity,chopcluster_7,auprc,298.0,36.0,25.0,False,0.0,False,False,pre-registered event floor OR bootstrap replicate rule (>10% non-estimable)
surgical_group,descriptive case-mix heterogeneity,chopcluster_7,sensitivity,298.0,36.0,25.0,False,0.0,False,False,pre-registered event floor OR bootstrap replicate rule (>10% non-estimable)
surgical_group,descriptive case-mix heterogeneity,chopcluster_7,specificity,298.0,36.0,25.0,False,0.0,False,False,pre-registered event floor OR bootstrap replicate rule (>10% non-estimable)
surgical_group,descriptive case-mix heterogeneity,chopcluster_7,ppv,298.0,36.0,25.0,False,0.0,False,False,pre-registered event floor OR bootstrap replicate rule (>10% non-estimable)
surgical_group,descriptive case-mix heterogeneity,chopcluster_7,npv,298.0,36.0,25.0,False,0.0,False,False,pre-registered event floor OR bootstrap replicate rule (>10% non-estimable)
surgical_group,descriptive case-mix heterogeneity,chopcluster_8,auroc,306.0,23.0,25.0,True,0.0,False,True,pre-registered event floor OR bootstrap replicate rule (>10% non-estimable)
surgical_group,descriptive case-mix heterogeneity,chopcluster_8,auprc,306.0,23.0,25.0,True,0.0,False,True,pre-registered event floor OR bootstrap replicate rule (>10% non-estimable)
surgical_group,descriptive case-mix heterogeneity,chopcluster_8,sensitivity,306.0,23.0,25.0,True,0.0,False,True,pre-registered event floor OR bootstrap replicate rule (>10% non-estimable)
surgical_group,descriptive case-mix heterogeneity,chopcluster_8,specificity,306.0,23.0,25.0,True,0.0,False,True,pre-registered event floor OR bootstrap replicate rule (>10% non-estimable)
surgical_group,descriptive case-mix heterogeneity,chopcluster_8,ppv,306.0,23.0,25.0,True,0.0,False,True,pre-registered event floor OR bootstrap replicate rule (>10% non-estimable)
surgical_group,descriptive case-mix heterogeneity,chopcluster_8,npv,306.0,23.0,25.0,True,0.0,False,True,pre-registered event floor OR bootstrap replicate rule (>10% non-estimable)
surgical_group,descriptive case-mix heterogeneity,none,auroc,857.0,44.0,25.0,False,0.0,False,False,pre-registered event floor OR bootstrap replicate rule (>10% non-estimable)
surgical_group,descriptive case-mix heterogeneity,none,auprc,857.0,44.0,25.0,False,0.0,False,False,pre-registered event floor OR bootstrap replicate rule (>10% non-estimable)
surgical_group,descriptive case-mix heterogeneity,none,sensitivity,857.0,44.0,25.0,False,0.0,False,False,pre-registered event floor OR bootstrap replicate rule (>10% non-estimable)
surgical_group,descriptive case-mix heterogeneity,none,specificity,857.0,44.0,25.0,False,0.0,False,False,pre-registered event floor OR bootstrap replicate rule (>10% non-estimable)
surgical_group,descriptive case-mix heterogeneity,none,ppv,857.0,44.0,25.0,False,0.0,False,False,pre-registered event floor OR bootstrap replicate rule (>10% non-estimable)
surgical_group,descriptive case-mix heterogeneity,none,npv,857.0,44.0,25.0,False,0.0,False,False,pre-registered event floor OR bootstrap replicate rule (>10% non-estimable)
surgical_group,descriptive case-mix heterogeneity,Overall,auroc,10719.0,504.0,25.0,False,0.0,False,False,pre-registered event floor OR bootstrap replicate rule (>10% non-estimable)
surgical_group,descriptive case-mix heterogeneity,Overall,auprc,10719.0,504.0,25.0,False,0.0,False,False,pre-registered event floor OR bootstrap replicate rule (>10% non-estimable)
surgical_group,descriptive case-mix heterogeneity,Overall,sensitivity,10719.0,504.0,25.0,False,0.0,False,False,pre-registered event floor OR bootstrap replicate rule (>10% non-estimable)
surgical_group,descriptive case-mix heterogeneity,Overall,specificity,10719.0,504.0,25.0,False,0.0,False,False,pre-registered event floor OR bootstrap replicate rule (>10% non-estimable)
surgical_group,descriptive case-mix heterogeneity,Overall,ppv,10719.0,504.0,25.0,False,0.0,False,False,pre-registered event floor OR bootstrap replicate rule (>10% non-estimable)
surgical_group,descriptive case-mix heterogeneity,Overall,npv,10719.0,504.0,25.0,False,0.0,False,False,pre-registered event floor OR bootstrap replicate rule (>10% non-estimable)
emergency,descriptive case-mix heterogeneity,elective,auroc,9250.0,316.0,25.0,False,0.0,False,False,pre-registered event floor OR bootstrap replicate rule (>10% non-estimable)
emergency,descriptive case-mix heterogeneity,elective,auprc,9250.0,316.0,25.0,False,0.0,False,False,pre-registered event floor OR bootstrap replicate rule (>10% non-estimable)
emergency,descriptive case-mix heterogeneity,elective,sensitivity,9250.0,316.0,25.0,False,0.0,False,False,pre-registered event floor OR bootstrap replicate rule (>10% non-estimable)
emergency,descriptive case-mix heterogeneity,elective,specificity,9250.0,316.0,25.0,False,0.0,False,False,pre-registered event floor OR bootstrap replicate rule (>10% non-estimable)
emergency,descriptive case-mix heterogeneity,elective,ppv,9250.0,316.0,25.0,False,0.0,False,False,pre-registered event floor OR bootstrap replicate rule (>10% non-estimable)
emergency,descriptive case-mix heterogeneity,elective,npv,9250.0,316.0,25.0,False,0.0,False,False,pre-registered event floor OR bootstrap replicate rule (>10% non-estimable)
emergency,descriptive case-mix heterogeneity,emergency,auroc,1469.0,188.0,25.0,False,0.0,False,False,pre-registered event floor OR bootstrap replicate rule (>10% non-estimable)
emergency,descriptive case-mix heterogeneity,emergency,auprc,1469.0,188.0,25.0,False,0.0,False,False,pre-registered event floor OR bootstrap replicate rule (>10% non-estimable)
emergency,descriptive case-mix heterogeneity,emergency,sensitivity,1469.0,188.0,25.0,False,0.0,False,False,pre-registered event floor OR bootstrap replicate rule (>10% non-estimable)
emergency,descriptive case-mix heterogeneity,emergency,specificity,1469.0,188.0,25.0,False,0.0,False,False,pre-registered event floor OR bootstrap replicate rule (>10% non-estimable)
emergency,descriptive case-mix heterogeneity,emergency,ppv,1469.0,188.0,25.0,False,0.0,False,False,pre-registered event floor OR bootstrap replicate rule (>10% non-estimable)
emergency,descriptive case-mix heterogeneity,emergency,npv,1469.0,188.0,25.0,False,0.0,False,False,pre-registered event floor OR bootstrap replicate rule (>10% non-estimable)
emergency,descriptive case-mix heterogeneity,Overall,auroc,10719.0,504.0,25.0,False,0.0,False,False,pre-registered event floor OR bootstrap replicate rule (>10% non-estimable)
emergency,descriptive case-mix heterogeneity,Overall,auprc,10719.0,504.0,25.0,False,0.0,False,False,pre-registered event floor OR bootstrap replicate rule (>10% non-estimable)
emergency,descriptive case-mix heterogeneity,Overall,sensitivity,10719.0,504.0,25.0,False,0.0,False,False,pre-registered event floor OR bootstrap replicate rule (>10% non-estimable)
emergency,descriptive case-mix heterogeneity,Overall,specificity,10719.0,504.0,25.0,False,0.0,False,False,pre-registered event floor OR bootstrap replicate rule (>10% non-estimable)
emergency,descriptive case-mix heterogeneity,Overall,ppv,10719.0,504.0,25.0,False,0.0,False,False,pre-registered event floor OR bootstrap replicate rule (>10% non-estimable)
emergency,descriptive case-mix heterogeneity,Overall,npv,10719.0,504.0,25.0,False,0.0,False,False,pre-registered event floor OR bootstrap replicate rule (>10% non-estimable)
sex × age_group,prespecified interaction,female / 0-17,auroc,175.0,13.0,25.0,True,0.0,False,True,pre-registered event floor OR bootstrap replicate rule (>10% non-estimable)
sex × age_group,prespecified interaction,female / 0-17,auprc,175.0,13.0,25.0,True,0.0,False,True,pre-registered event floor OR bootstrap replicate rule (>10% non-estimable)
sex × age_group,prespecified interaction,female / 0-17,sensitivity,175.0,13.0,25.0,True,0.0,False,True,pre-registered event floor OR bootstrap replicate rule (>10% non-estimable)
sex × age_group,prespecified interaction,female / 0-17,specificity,175.0,13.0,25.0,True,0.0,False,True,pre-registered event floor OR bootstrap replicate rule (>10% non-estimable)
sex × age_group,prespecified interaction,female / 0-17,ppv,175.0,13.0,25.0,True,0.0,False,True,pre-registered event floor OR bootstrap replicate rule (>10% non-estimable)
sex × age_group,prespecified interaction,female / 0-17,npv,175.0,13.0,25.0,True,0.0,False,True,pre-registered event floor OR bootstrap replicate rule (>10% non-estimable)
sex × age_group,prespecified interaction,female / 18-44,auroc,408.0,13.0,25.0,True,0.0,False,True,pre-registered event floor OR bootstrap replicate rule (>10% non-estimable)
sex × age_group,prespecified interaction,female / 18-44,auprc,408.0,13.0,25.0,True,0.0,False,True,pre-registered event floor OR bootstrap replicate rule (>10% non-estimable)
sex × age_group,prespecified interaction,female / 18-44,sensitivity,408.0,13.0,25.0,True,0.0,False,True,pre-registered event floor OR bootstrap replicate rule (>10% non-estimable)
sex × age_group,prespecified interaction,female / 18-44,specificity,408.0,13.0,25.0,True,0.0,False,True,pre-registered event floor OR bootstrap replicate rule (>10% non-estimable)
sex × age_group,prespecified interaction,female / 18-44,ppv,408.0,13.0,25.0,True,0.0,False,True,pre-registered event floor OR bootstrap replicate rule (>10% non-estimable)
sex × age_group,prespecified interaction,female / 18-44,npv,408.0,13.0,25.0,True,0.0,False,True,pre-registered event floor OR bootstrap replicate rule (>10% non-estimable)
sex × age_group,prespecified interaction,female / 45-64,auroc,1179.0,52.0,25.0,False,0.0,False,False,pre-registered event floor OR bootstrap replicate rule (>10% non-estimable)
sex × age_group,prespecified interaction,female / 45-64,auprc,1179.0,52.0,25.0,False,0.0,False,False,pre-registered event floor OR bootstrap replicate rule (>10% non-estimable)
sex × age_group,prespecified interaction,female / 45-64,sensitivity,1179.0,52.0,25.0,False,0.0,False,False,pre-registered event floor OR bootstrap replicate rule (>10% non-estimable)
sex × age_group,prespecified interaction,female / 45-64,specificity,1179.0,52.0,25.0,False,0.0,False,False,pre-registered event floor OR bootstrap replicate rule (>10% non-estimable)
sex × age_group,prespecified interaction,female / 45-64,ppv,1179.0,52.0,25.0,False,0.0,False,False,pre-registered event floor OR bootstrap replicate rule (>10% non-estimable)
sex × age_group,prespecified interaction,female / 45-64,npv,1179.0,52.0,25.0,False,0.0,False,False,pre-registered event floor OR bootstrap replicate rule (>10% non-estimable)
sex × age_group,prespecified interaction,female / 65-79,auroc,1470.0,93.0,25.0,False,0.0,False,False,pre-registered event floor OR bootstrap replicate rule (>10% non-estimable)
sex × age_group,prespecified interaction,female / 65-79,auprc,1470.0,93.0,25.0,False,0.0,False,False,pre-registered event floor OR bootstrap replicate rule (>10% non-estimable)
sex × age_group,prespecified interaction,female / 65-79,sensitivity,1470.0,93.0,25.0,False,0.0,False,False,pre-registered event floor OR bootstrap replicate rule (>10% non-estimable)
sex × age_group,prespecified interaction,female / 65-79,specificity,1470.0,93.0,25.0,False,0.0,False,False,pre-registered event floor OR bootstrap replicate rule (>10% non-estimable)
sex × age_group,prespecified interaction,female / 65-79,ppv,1470.0,93.0,25.0,False,0.0,False,False,pre-registered event floor OR bootstrap replicate rule (>10% non-estimable)
sex × age_group,prespecified interaction,female / 65-79,npv,1470.0,93.0,25.0,False,0.0,False,False,pre-registered event floor OR bootstrap replicate rule (>10% non-estimable)
sex × age_group,prespecified interaction,female / 80+,auroc,457.0,19.0,25.0,True,0.0,False,True,pre-registered event floor OR bootstrap replicate rule (>10% non-estimable)
sex × age_group,prespecified interaction,female / 80+,auprc,457.0,19.0,25.0,True,0.0,False,True,pre-registered event floor OR bootstrap replicate rule (>10% non-estimable)
sex × age_group,prespecified interaction,female / 80+,sensitivity,457.0,19.0,25.0,True,0.0,False,True,pre-registered event floor OR bootstrap replicate rule (>10% non-estimable)
sex × age_group,prespecified interaction,female / 80+,specificity,457.0,19.0,25.0,True,0.0,False,True,pre-registered event floor OR bootstrap replicate rule (>10% non-estimable)
sex × age_group,prespecified interaction,female / 80+,ppv,457.0,19.0,25.0,True,0.0,False,True,pre-registered event floor OR bootstrap replicate rule (>10% non-estimable)
sex × age_group,prespecified interaction,female / 80+,npv,457.0,19.0,25.0,True,0.0,False,True,pre-registered event floor OR bootstrap replicate rule (>10% non-estimable)
sex × age_group,prespecified interaction,male / 0-17,auroc,192.0,8.0,25.0,True,0.0,False,True,pre-registered event floor OR bootstrap replicate rule (>10% non-estimable)
sex × age_group,prespecified interaction,male / 0-17,auprc,192.0,8.0,25.0,True,0.0,False,True,pre-registered event floor OR bootstrap replicate rule (>10% non-estimable)
sex × age_group,prespecified interaction,male / 0-17,sensitivity,192.0,8.0,25.0,True,0.0,False,True,pre-registered event floor OR bootstrap replicate rule (>10% non-estimable)
sex × age_group,prespecified interaction,male / 0-17,specificity,192.0,8.0,25.0,True,0.0,False,True,pre-registered event floor OR bootstrap replicate rule (>10% non-estimable)
sex × age_group,prespecified interaction,male / 0-17,ppv,192.0,8.0,25.0,True,0.0,False,True,pre-registered event floor OR bootstrap replicate rule (>10% non-estimable)
sex × age_group,prespecified interaction,male / 0-17,npv,192.0,8.0,25.0,True,0.0,False,True,pre-registered event floor OR bootstrap replicate rule (>10% non-estimable)
sex × age_group,prespecified interaction,male / 18-44,auroc,533.0,21.0,25.0,True,0.0,False,True,pre-registered event floor OR bootstrap replicate rule (>10% non-estimable)
sex × age_group,prespecified interaction,male / 18-44,auprc,533.0,21.0,25.0,True,0.0,False,True,pre-registered event floor OR bootstrap replicate rule (>10% non-estimable)
sex × age_group,prespecified interaction,male / 18-44,sensitivity,533.0,21.0,25.0,True,0.0,False,True,pre-registered event floor OR bootstrap replicate rule (>10% non-estimable)
sex × age_group,prespecified interaction,male / 18-44,specificity,533.0,21.0,25.0,True,0.0,False,True,pre-registered event floor OR bootstrap replicate rule (>10% non-estimable)
sex × age_group,prespecified interaction,male / 18-44,ppv,533.0,21.0,25.0,True,0.0,False,True,pre-registered event floor OR bootstrap replicate rule (>10% non-estimable)
sex × age_group,prespecified interaction,male / 18-44,npv,533.0,21.0,25.0,True,0.0,False,True,pre-registered event floor OR bootstrap replicate rule (>10% non-estimable)
sex × age_group,prespecified interaction,male / 45-64,auroc,2536.0,95.0,25.0,False,0.0,False,False,pre-registered event floor OR bootstrap replicate rule (>10% non-estimable)
sex × age_group,prespecified interaction,male / 45-64,auprc,2536.0,95.0,25.0,False,0.0,False,False,pre-registered event floor OR bootstrap replicate rule (>10% non-estimable)
sex × age_group,prespecified interaction,male / 45-64,sensitivity,2536.0,95.0,25.0,False,0.0,False,False,pre-registered event floor OR bootstrap replicate rule (>10% non-estimable)
sex × age_group,prespecified interaction,male / 45-64,specificity,2536.0,95.0,25.0,False,0.0,False,False,pre-registered event floor OR bootstrap replicate rule (>10% non-estimable)
sex × age_group,prespecified interaction,male / 45-64,ppv,2536.0,95.0,25.0,False,0.0,False,False,pre-registered event floor OR bootstrap replicate rule (>10% non-estimable)
sex × age_group,prespecified interaction,male / 45-64,npv,2536.0,95.0,25.0,False,0.0,False,False,pre-registered event floor OR bootstrap replicate rule (>10% non-estimable)
sex × age_group,prespecified interaction,male / 65-79,auroc,3214.0,156.0,25.0,False,0.0,False,False,pre-registered event floor OR bootstrap replicate rule (>10% non-estimable)
sex × age_group,prespecified interaction,male / 65-79,auprc,3214.0,156.0,25.0,False,0.0,False,False,pre-registered event floor OR bootstrap replicate rule (>10% non-estimable)
sex × age_group,prespecified interaction,male / 65-79,sensitivity,3214.0,156.0,25.0,False,0.0,False,False,pre-registered event floor OR bootstrap replicate rule (>10% non-estimable)
sex × age_group,prespecified interaction,male / 65-79,specificity,3214.0,156.0,25.0,False,0.0,False,False,pre-registered event floor OR bootstrap replicate rule (>10% non-estimable)
sex × age_group,prespecified interaction,male / 65-79,ppv,3214.0,156.0,25.0,False,0.0,False,False,pre-registered event floor OR bootstrap replicate rule (>10% non-estimable)
sex × age_group,prespecified interaction,male / 65-79,npv,3214.0,156.0,25.0,False,0.0,False,False,pre-registered event floor OR bootstrap replicate rule (>10% non-estimable)
sex × age_group,prespecified interaction,male / 80+,auroc,555.0,34.0,25.0,False,0.0,False,False,pre-registered event floor OR bootstrap replicate rule (>10% non-estimable)
sex × age_group,prespecified interaction,male / 80+,auprc,555.0,34.0,25.0,False,0.0,False,False,pre-registered event floor OR bootstrap replicate rule (>10% non-estimable)
sex × age_group,prespecified interaction,male / 80+,sensitivity,555.0,34.0,25.0,False,0.0,False,False,pre-registered event floor OR bootstrap replicate rule (>10% non-estimable)
sex × age_group,prespecified interaction,male / 80+,specificity,555.0,34.0,25.0,False,0.0,False,False,pre-registered event floor OR bootstrap replicate rule (>10% non-estimable)
sex × age_group,prespecified interaction,male / 80+,ppv,555.0,34.0,25.0,False,0.0,False,False,pre-registered event floor OR bootstrap replicate rule (>10% non-estimable)
sex × age_group,prespecified interaction,male / 80+,npv,555.0,34.0,25.0,False,0.0,False,False,pre-registered event floor OR bootstrap replicate rule (>10% non-estimable)
sex × age_group,prespecified interaction,Overall,auroc,10719.0,504.0,25.0,False,0.0,False,False,pre-registered event floor OR bootstrap replicate rule (>10% non-estimable)
sex × age_group,prespecified interaction,Overall,auprc,10719.0,504.0,25.0,False,0.0,False,False,pre-registered event floor OR bootstrap replicate rule (>10% non-estimable)
sex × age_group,prespecified interaction,Overall,sensitivity,10719.0,504.0,25.0,False,0.0,False,False,pre-registered event floor OR bootstrap replicate rule (>10% non-estimable)
sex × age_group,prespecified interaction,Overall,specificity,10719.0,504.0,25.0,False,0.0,False,False,pre-registered event floor OR bootstrap replicate rule (>10% non-estimable)
sex × age_group,prespecified interaction,Overall,ppv,10719.0,504.0,25.0,False,0.0,False,False,pre-registered event floor OR bootstrap replicate rule (>10% non-estimable)
sex × age_group,prespecified interaction,Overall,npv,10719.0,504.0,25.0,False,0.0,False,False,pre-registered event floor OR bootstrap replicate rule (>10% non-estimable)
sex × frailty,prespecified interaction,female / frail,auroc,1666.0,129.0,25.0,False,0.0,False,False,pre-registered event floor OR bootstrap replicate rule (>10% non-estimable)
sex × frailty,prespecified interaction,female / frail,auprc,1666.0,129.0,25.0,False,0.0,False,False,pre-registered event floor OR bootstrap replicate rule (>10% non-estimable)
sex × frailty,prespecified interaction,female / frail,sensitivity,1666.0,129.0,25.0,False,0.0,False,False,pre-registered event floor OR bootstrap replicate rule (>10% non-estimable)
sex × frailty,prespecified interaction,female / frail,specificity,1666.0,129.0,25.0,False,0.0,False,False,pre-registered event floor OR bootstrap replicate rule (>10% non-estimable)
sex × frailty,prespecified interaction,female / frail,ppv,1666.0,129.0,25.0,False,0.0,False,False,pre-registered event floor OR bootstrap replicate rule (>10% non-estimable)
sex × frailty,prespecified interaction,female / frail,npv,1666.0,129.0,25.0,False,0.0,False,False,pre-registered event floor OR bootstrap replicate rule (>10% non-estimable)
sex × frailty,prespecified interaction,female / non_frail,auroc,522.0,1.0,25.0,True,0.384,True,True,pre-registered event floor OR bootstrap replicate rule (>10% non-estimable)
sex × frailty,prespecified interaction,female / non_frail,auprc,522.0,1.0,25.0,True,0.384,True,True,pre-registered event floor OR bootstrap replicate rule (>10% non-estimable)
sex × frailty,prespecified interaction,female / non_frail,sensitivity,522.0,1.0,25.0,True,0.384,True,True,pre-registered event floor OR bootstrap replicate rule (>10% non-estimable)
sex × frailty,prespecified interaction,female / non_frail,specificity,522.0,1.0,25.0,True,0.0,False,True,pre-registered event floor OR bootstrap replicate rule (>10% non-estimable)
sex × frailty,prespecified interaction,female / non_frail,ppv,522.0,1.0,25.0,True,0.0,False,True,pre-registered event floor OR bootstrap replicate rule (>10% non-estimable)
sex × frailty,prespecified interaction,female / non_frail,npv,522.0,1.0,25.0,True,0.0,False,True,pre-registered event floor OR bootstrap replicate rule (>10% non-estimable)
sex × frailty,prespecified interaction,female / pre_frail,auroc,1501.0,60.0,25.0,False,0.0,False,False,pre-registered event floor OR bootstrap replicate rule (>10% non-estimable)
sex × frailty,prespecified interaction,female / pre_frail,auprc,1501.0,60.0,25.0,False,0.0,False,False,pre-registered event floor OR bootstrap replicate rule (>10% non-estimable)
sex × frailty,prespecified interaction,female / pre_frail,sensitivity,1501.0,60.0,25.0,False,0.0,False,False,pre-registered event floor OR bootstrap replicate rule (>10% non-estimable)
sex × frailty,prespecified interaction,female / pre_frail,specificity,1501.0,60.0,25.0,False,0.0,False,False,pre-registered event floor OR bootstrap replicate rule (>10% non-estimable)
sex × frailty,prespecified interaction,female / pre_frail,ppv,1501.0,60.0,25.0,False,0.0,False,False,pre-registered event floor OR bootstrap replicate rule (>10% non-estimable)
sex × frailty,prespecified interaction,female / pre_frail,npv,1501.0,60.0,25.0,False,0.0,False,False,pre-registered event floor OR bootstrap replicate rule (>10% non-estimable)
sex × frailty,prespecified interaction,male / frail,auroc,4473.0,271.0,25.0,False,0.0,False,False,pre-registered event floor OR bootstrap replicate rule (>10% non-estimable)
sex × frailty,prespecified interaction,male / frail,auprc,4473.0,271.0,25.0,False,0.0,False,False,pre-registered event floor OR bootstrap replicate rule (>10% non-estimable)
sex × frailty,prespecified interaction,male / frail,sensitivity,4473.0,271.0,25.0,False,0.0,False,False,pre-registered event floor OR bootstrap replicate rule (>10% non-estimable)
sex × frailty,prespecified interaction,male / frail,specificity,4473.0,271.0,25.0,False,0.0,False,False,pre-registered event floor OR bootstrap replicate rule (>10% non-estimable)
sex × frailty,prespecified interaction,male / frail,ppv,4473.0,271.0,25.0,False,0.0,False,False,pre-registered event floor OR bootstrap replicate rule (>10% non-estimable)
sex × frailty,prespecified interaction,male / frail,npv,4473.0,271.0,25.0,False,0.0,False,False,pre-registered event floor OR bootstrap replicate rule (>10% non-estimable)
sex × frailty,prespecified interaction,male / non_frail,auroc,500.0,5.0,25.0,True,0.007499999999999951,False,True,pre-registered event floor OR bootstrap replicate rule (>10% non-estimable)
sex × frailty,prespecified interaction,male / non_frail,auprc,500.0,5.0,25.0,True,0.007499999999999951,False,True,pre-registered event floor OR bootstrap replicate rule (>10% non-estimable)
sex × frailty,prespecified interaction,male / non_frail,sensitivity,500.0,5.0,25.0,True,0.007499999999999951,False,True,pre-registered event floor OR bootstrap replicate rule (>10% non-estimable)
sex × frailty,prespecified interaction,male / non_frail,specificity,500.0,5.0,25.0,True,0.0,False,True,pre-registered event floor OR bootstrap replicate rule (>10% non-estimable)
sex × frailty,prespecified interaction,male / non_frail,ppv,500.0,5.0,25.0,True,0.0,False,True,pre-registered event floor OR bootstrap replicate rule (>10% non-estimable)
sex × frailty,prespecified interaction,male / non_frail,npv,500.0,5.0,25.0,True,0.0,False,True,pre-registered event floor OR bootstrap replicate rule (>10% non-estimable)
sex × frailty,prespecified interaction,male / pre_frail,auroc,2057.0,38.0,25.0,False,0.0,False,False,pre-registered event floor OR bootstrap replicate rule (>10% non-estimable)
sex × frailty,prespecified interaction,male / pre_frail,auprc,2057.0,38.0,25.0,False,0.0,False,False,pre-registered event floor OR bootstrap replicate rule (>10% non-estimable)
sex × frailty,prespecified interaction,male / pre_frail,sensitivity,2057.0,38.0,25.0,False,0.0,False,False,pre-registered event floor OR bootstrap replicate rule (>10% non-estimable)
sex × frailty,prespecified interaction,male / pre_frail,specificity,2057.0,38.0,25.0,False,0.0,False,False,pre-registered event floor OR bootstrap replicate rule (>10% non-estimable)
sex × frailty,prespecified interaction,male / pre_frail,ppv,2057.0,38.0,25.0,False,0.0,False,False,pre-registered event floor OR bootstrap replicate rule (>10% non-estimable)
sex × frailty,prespecified interaction,male / pre_frail,npv,2057.0,38.0,25.0,False,0.0,False,False,pre-registered event floor OR bootstrap replicate rule (>10% non-estimable)
sex × frailty,prespecified interaction,Overall,auroc,10719.0,504.0,25.0,False,0.0,False,False,pre-registered event floor OR bootstrap replicate rule (>10% non-estimable)
sex × frailty,prespecified interaction,Overall,auprc,10719.0,504.0,25.0,False,0.0,False,False,pre-registered event floor OR bootstrap replicate rule (>10% non-estimable)
sex × frailty,prespecified interaction,Overall,sensitivity,10719.0,504.0,25.0,False,0.0,False,False,pre-registered event floor OR bootstrap replicate rule (>10% non-estimable)
sex × frailty,prespecified interaction,Overall,specificity,10719.0,504.0,25.0,False,0.0,False,False,pre-registered event floor OR bootstrap replicate rule (>10% non-estimable)
sex × frailty,prespecified interaction,Overall,ppv,10719.0,504.0,25.0,False,0.0,False,False,pre-registered event floor OR bootstrap replicate rule (>10% non-estimable)
sex × frailty,prespecified interaction,Overall,npv,10719.0,504.0,25.0,False,0.0,False,False,pre-registered event floor OR bootstrap replicate rule (>10% non-estimable)
age_group × frailty,prespecified interaction,0-17 / frail,auroc,211.0,19.0,25.0,True,0.0,False,True,pre-registered event floor OR bootstrap replicate rule (>10% non-estimable)
age_group × frailty,prespecified interaction,0-17 / frail,auprc,211.0,19.0,25.0,True,0.0,False,True,pre-registered event floor OR bootstrap replicate rule (>10% non-estimable)
age_group × frailty,prespecified interaction,0-17 / frail,sensitivity,211.0,19.0,25.0,True,0.0,False,True,pre-registered event floor OR bootstrap replicate rule (>10% non-estimable)
age_group × frailty,prespecified interaction,0-17 / frail,specificity,211.0,19.0,25.0,True,0.0,False,True,pre-registered event floor OR bootstrap replicate rule (>10% non-estimable)
age_group × frailty,prespecified interaction,0-17 / frail,ppv,211.0,19.0,25.0,True,0.0,False,True,pre-registered event floor OR bootstrap replicate rule (>10% non-estimable)
age_group × frailty,prespecified interaction,0-17 / frail,npv,211.0,19.0,25.0,True,0.0,False,True,pre-registered event floor OR bootstrap replicate rule (>10% non-estimable)
age_group × frailty,prespecified interaction,0-17 / non_frail,auroc,45.0,0.0,25.0,True,1.0,True,True,pre-registered event floor OR bootstrap replicate rule (>10% non-estimable)
age_group × frailty,prespecified interaction,0-17 / non_frail,auprc,45.0,0.0,25.0,True,1.0,True,True,pre-registered event floor OR bootstrap replicate rule (>10% non-estimable)
age_group × frailty,prespecified interaction,0-17 / non_frail,sensitivity,45.0,0.0,25.0,True,1.0,True,True,pre-registered event floor OR bootstrap replicate rule (>10% non-estimable)
age_group × frailty,prespecified interaction,0-17 / non_frail,specificity,45.0,0.0,25.0,True,0.0,False,True,pre-registered event floor OR bootstrap replicate rule (>10% non-estimable)
age_group × frailty,prespecified interaction,0-17 / non_frail,ppv,45.0,0.0,25.0,True,0.0,False,True,pre-registered event floor OR bootstrap replicate rule (>10% non-estimable)
age_group × frailty,prespecified interaction,0-17 / non_frail,npv,45.0,0.0,25.0,True,0.0,False,True,pre-registered event floor OR bootstrap replicate rule (>10% non-estimable)
age_group × frailty,prespecified interaction,0-17 / pre_frail,auroc,111.0,2.0,25.0,True,0.11750000000000005,True,True,pre-registered event floor OR bootstrap replicate rule (>10% non-estimable)
age_group × frailty,prespecified interaction,0-17 / pre_frail,auprc,111.0,2.0,25.0,True,0.11750000000000005,True,True,pre-registered event floor OR bootstrap replicate rule (>10% non-estimable)
age_group × frailty,prespecified interaction,0-17 / pre_frail,sensitivity,111.0,2.0,25.0,True,0.11750000000000005,True,True,pre-registered event floor OR bootstrap replicate rule (>10% non-estimable)
age_group × frailty,prespecified interaction,0-17 / pre_frail,specificity,111.0,2.0,25.0,True,0.0,False,True,pre-registered event floor OR bootstrap replicate rule (>10% non-estimable)
age_group × frailty,prespecified interaction,0-17 / pre_frail,ppv,111.0,2.0,25.0,True,0.0,False,True,pre-registered event floor OR bootstrap replicate rule (>10% non-estimable)
age_group × frailty,prespecified interaction,0-17 / pre_frail,npv,111.0,2.0,25.0,True,0.0,False,True,pre-registered event floor OR bootstrap replicate rule (>10% non-estimable)
age_group × frailty,prespecified interaction,18-44 / frail,auroc,300.0,21.0,25.0,True,0.0,False,True,pre-registered event floor OR bootstrap replicate rule (>10% non-estimable)
age_group × frailty,prespecified interaction,18-44 / frail,auprc,300.0,21.0,25.0,True,0.0,False,True,pre-registered event floor OR bootstrap replicate rule (>10% non-estimable)
age_group × frailty,prespecified interaction,18-44 / frail,sensitivity,300.0,21.0,25.0,True,0.0,False,True,pre-registered event floor OR bootstrap replicate rule (>10% non-estimable)
age_group × frailty,prespecified interaction,18-44 / frail,specificity,300.0,21.0,25.0,True,0.0,False,True,pre-registered event floor OR bootstrap replicate rule (>10% non-estimable)
age_group × frailty,prespecified interaction,18-44 / frail,ppv,300.0,21.0,25.0,True,0.0,False,True,pre-registered event floor OR bootstrap replicate rule (>10% non-estimable)
age_group × frailty,prespecified interaction,18-44 / frail,npv,300.0,21.0,25.0,True,0.0,False,True,pre-registered event floor OR bootstrap replicate rule (>10% non-estimable)
age_group × frailty,prespecified interaction,18-44 / non_frail,auroc,331.0,2.0,25.0,True,0.134,True,True,pre-registered event floor OR bootstrap replicate rule (>10% non-estimable)
age_group × frailty,prespecified interaction,18-44 / non_frail,auprc,331.0,2.0,25.0,True,0.134,True,True,pre-registered event floor OR bootstrap replicate rule (>10% non-estimable)
age_group × frailty,prespecified interaction,18-44 / non_frail,sensitivity,331.0,2.0,25.0,True,0.134,True,True,pre-registered event floor OR bootstrap replicate rule (>10% non-estimable)
age_group × frailty,prespecified interaction,18-44 / non_frail,specificity,331.0,2.0,25.0,True,0.0,False,True,pre-registered event floor OR bootstrap replicate rule (>10% non-estimable)
age_group × frailty,prespecified interaction,18-44 / non_frail,ppv,331.0,2.0,25.0,True,0.0,False,True,pre-registered event floor OR bootstrap replicate rule (>10% non-estimable)
age_group × frailty,prespecified interaction,18-44 / non_frail,npv,331.0,2.0,25.0,True,0.0,False,True,pre-registered event floor OR bootstrap replicate rule (>10% non-estimable)
age_group × frailty,prespecified interaction,18-44 / pre_frail,auroc,310.0,11.0,25.0,True,0.0,False,True,pre-registered event floor OR bootstrap replicate rule (>10% non-estimable)
age_group × frailty,prespecified interaction,18-44 / pre_frail,auprc,310.0,11.0,25.0,True,0.0,False,True,pre-registered event floor OR bootstrap replicate rule (>10% non-estimable)
age_group × frailty,prespecified interaction,18-44 / pre_frail,sensitivity,310.0,11.0,25.0,True,0.0,False,True,pre-registered event floor OR bootstrap replicate rule (>10% non-estimable)
age_group × frailty,prespecified interaction,18-44 / pre_frail,specificity,310.0,11.0,25.0,True,0.0,False,True,pre-registered event floor OR bootstrap replicate rule (>10% non-estimable)
age_group × frailty,prespecified interaction,18-44 / pre_frail,ppv,310.0,11.0,25.0,True,0.0,False,True,pre-registered event floor OR bootstrap replicate rule (>10% non-estimable)
age_group × frailty,prespecified interaction,18-44 / pre_frail,npv,310.0,11.0,25.0,True,0.0,False,True,pre-registered event floor OR bootstrap replicate rule (>10% non-estimable)
age_group × frailty,prespecified interaction,45-64 / frail,auroc,1967.0,111.0,25.0,False,0.0,False,False,pre-registered event floor OR bootstrap replicate rule (>10% non-estimable)
age_group × frailty,prespecified interaction,45-64 / frail,auprc,1967.0,111.0,25.0,False,0.0,False,False,pre-registered event floor OR bootstrap replicate rule (>10% non-estimable)
age_group × frailty,prespecified interaction,45-64 / frail,sensitivity,1967.0,111.0,25.0,False,0.0,False,False,pre-registered event floor OR bootstrap replicate rule (>10% non-estimable)
age_group × frailty,prespecified interaction,45-64 / frail,specificity,1967.0,111.0,25.0,False,0.0,False,False,pre-registered event floor OR bootstrap replicate rule (>10% non-estimable)
age_group × frailty,prespecified interaction,45-64 / frail,ppv,1967.0,111.0,25.0,False,0.0,False,False,pre-registered event floor OR bootstrap replicate rule (>10% non-estimable)
age_group × frailty,prespecified interaction,45-64 / frail,npv,1967.0,111.0,25.0,False,0.0,False,False,pre-registered event floor OR bootstrap replicate rule (>10% non-estimable)
age_group × frailty,prespecified interaction,45-64 / non_frail,auroc,410.0,3.0,25.0,True,0.03849999999999998,False,True,pre-registered event floor OR bootstrap replicate rule (>10% non-estimable)
age_group × frailty,prespecified interaction,45-64 / non_frail,auprc,410.0,3.0,25.0,True,0.03849999999999998,False,True,pre-registered event floor OR bootstrap replicate rule (>10% non-estimable)
age_group × frailty,prespecified interaction,45-64 / non_frail,sensitivity,410.0,3.0,25.0,True,0.03849999999999998,False,True,pre-registered event floor OR bootstrap replicate rule (>10% non-estimable)
age_group × frailty,prespecified interaction,45-64 / non_frail,specificity,410.0,3.0,25.0,True,0.0,False,True,pre-registered event floor OR bootstrap replicate rule (>10% non-estimable)
age_group × frailty,prespecified interaction,45-64 / non_frail,ppv,410.0,3.0,25.0,True,0.0,False,True,pre-registered event floor OR bootstrap replicate rule (>10% non-estimable)
age_group × frailty,prespecified interaction,45-64 / non_frail,npv,410.0,3.0,25.0,True,0.0,False,True,pre-registered event floor OR bootstrap replicate rule (>10% non-estimable)
age_group × frailty,prespecified interaction,45-64 / pre_frail,auroc,1338.0,33.0,25.0,False,0.0,False,False,pre-registered event floor OR bootstrap replicate rule (>10% non-estimable)
age_group × frailty,prespecified interaction,45-64 / pre_frail,auprc,1338.0,33.0,25.0,False,0.0,False,False,pre-registered event floor OR bootstrap replicate rule (>10% non-estimable)
age_group × frailty,prespecified interaction,45-64 / pre_frail,sensitivity,1338.0,33.0,25.0,False,0.0,False,False,pre-registered event floor OR bootstrap replicate rule (>10% non-estimable)
age_group × frailty,prespecified interaction,45-64 / pre_frail,specificity,1338.0,33.0,25.0,False,0.0,False,False,pre-registered event floor OR bootstrap replicate rule (>10% non-estimable)
age_group × frailty,prespecified interaction,45-64 / pre_frail,ppv,1338.0,33.0,25.0,False,0.0,False,False,pre-registered event floor OR bootstrap replicate rule (>10% non-estimable)
age_group × frailty,prespecified interaction,45-64 / pre_frail,npv,1338.0,33.0,25.0,False,0.0,False,False,pre-registered event floor OR bootstrap replicate rule (>10% non-estimable)
age_group × frailty,prespecified interaction,65-79 / frail,auroc,3032.0,204.0,25.0,False,0.0,False,False,pre-registered event floor OR bootstrap replicate rule (>10% non-estimable)
age_group × frailty,prespecified interaction,65-79 / frail,auprc,3032.0,204.0,25.0,False,0.0,False,False,pre-registered event floor OR bootstrap replicate rule (>10% non-estimable)
age_group × frailty,prespecified interaction,65-79 / frail,sensitivity,3032.0,204.0,25.0,False,0.0,False,False,pre-registered event floor OR bootstrap replicate rule (>10% non-estimable)
age_group × frailty,prespecified interaction,65-79 / frail,specificity,3032.0,204.0,25.0,False,0.0,False,False,pre-registered event floor OR bootstrap replicate rule (>10% non-estimable)
age_group × frailty,prespecified interaction,65-79 / frail,ppv,3032.0,204.0,25.0,False,0.0,False,False,pre-registered event floor OR bootstrap replicate rule (>10% non-estimable)
age_group × frailty,prespecified interaction,65-79 / frail,npv,3032.0,204.0,25.0,False,0.0,False,False,pre-registered event floor OR bootstrap replicate rule (>10% non-estimable)
age_group × frailty,prespecified interaction,65-79 / non_frail,auroc,218.0,1.0,25.0,True,0.38049999999999995,True,True,pre-registered event floor OR bootstrap replicate rule (>10% non-estimable)
age_group × frailty,prespecified interaction,65-79 / non_frail,auprc,218.0,1.0,25.0,True,0.38049999999999995,True,True,pre-registered event floor OR bootstrap replicate rule (>10% non-estimable)
age_group × frailty,prespecified interaction,65-79 / non_frail,sensitivity,218.0,1.0,25.0,True,0.38049999999999995,True,True,pre-registered event floor OR bootstrap replicate rule (>10% non-estimable)
age_group × frailty,prespecified interaction,65-79 / non_frail,specificity,218.0,1.0,25.0,True,0.0,False,True,pre-registered event floor OR bootstrap replicate rule (>10% non-estimable)
age_group × frailty,prespecified interaction,65-79 / non_frail,ppv,218.0,1.0,25.0,True,0.0,False,True,pre-registered event floor OR bootstrap replicate rule (>10% non-estimable)
age_group × frailty,prespecified interaction,65-79 / non_frail,npv,218.0,1.0,25.0,True,0.0,False,True,pre-registered event floor OR bootstrap replicate rule (>10% non-estimable)
age_group × frailty,prespecified interaction,65-79 / pre_frail,auroc,1434.0,44.0,25.0,False,0.0,False,False,pre-registered event floor OR bootstrap replicate rule (>10% non-estimable)
age_group × frailty,prespecified interaction,65-79 / pre_frail,auprc,1434.0,44.0,25.0,False,0.0,False,False,pre-registered event floor OR bootstrap replicate rule (>10% non-estimable)
age_group × frailty,prespecified interaction,65-79 / pre_frail,sensitivity,1434.0,44.0,25.0,False,0.0,False,False,pre-registered event floor OR bootstrap replicate rule (>10% non-estimable)
age_group × frailty,prespecified interaction,65-79 / pre_frail,specificity,1434.0,44.0,25.0,False,0.0,False,False,pre-registered event floor OR bootstrap replicate rule (>10% non-estimable)
age_group × frailty,prespecified interaction,65-79 / pre_frail,ppv,1434.0,44.0,25.0,False,0.0,False,False,pre-registered event floor OR bootstrap replicate rule (>10% non-estimable)
age_group × frailty,prespecified interaction,65-79 / pre_frail,npv,1434.0,44.0,25.0,False,0.0,False,False,pre-registered event floor OR bootstrap replicate rule (>10% non-estimable)
age_group × frailty,prespecified interaction,80+ / frail,auroc,629.0,45.0,25.0,False,0.0,False,False,pre-registered event floor OR bootstrap replicate rule (>10% non-estimable)
age_group × frailty,prespecified interaction,80+ / frail,auprc,629.0,45.0,25.0,False,0.0,False,False,pre-registered event floor OR bootstrap replicate rule (>10% non-estimable)
age_group × frailty,prespecified interaction,80+ / frail,sensitivity,629.0,45.0,25.0,False,0.0,False,False,pre-registered event floor OR bootstrap replicate rule (>10% non-estimable)
age_group × frailty,prespecified interaction,80+ / frail,specificity,629.0,45.0,25.0,False,0.0,False,False,pre-registered event floor OR bootstrap replicate rule (>10% non-estimable)
age_group × frailty,prespecified interaction,80+ / frail,ppv,629.0,45.0,25.0,False,0.0,False,False,pre-registered event floor OR bootstrap replicate rule (>10% non-estimable)
age_group × frailty,prespecified interaction,80+ / frail,npv,629.0,45.0,25.0,False,0.0,False,False,pre-registered event floor OR bootstrap replicate rule (>10% non-estimable)
age_group × frailty,prespecified interaction,80+ / non_frail,auroc,18.0,0.0,25.0,True,1.0,True,True,pre-registered event floor OR bootstrap replicate rule (>10% non-estimable)
age_group × frailty,prespecified interaction,80+ / non_frail,auprc,18.0,0.0,25.0,True,1.0,True,True,pre-registered event floor OR bootstrap replicate rule (>10% non-estimable)
age_group × frailty,prespecified interaction,80+ / non_frail,sensitivity,18.0,0.0,25.0,True,1.0,True,True,pre-registered event floor OR bootstrap replicate rule (>10% non-estimable)
age_group × frailty,prespecified interaction,80+ / non_frail,specificity,18.0,0.0,25.0,True,0.0,False,True,pre-registered event floor OR bootstrap replicate rule (>10% non-estimable)
age_group × frailty,prespecified interaction,80+ / non_frail,ppv,18.0,0.0,25.0,True,0.0010000000000000009,False,True,pre-registered event floor OR bootstrap replicate rule (>10% non-estimable)
age_group × frailty,prespecified interaction,80+ / non_frail,npv,18.0,0.0,25.0,True,0.0,False,True,pre-registered event floor OR bootstrap replicate rule (>10% non-estimable)
age_group × frailty,prespecified interaction,80+ / pre_frail,auroc,365.0,8.0,25.0,True,0.0,False,True,pre-registered event floor OR bootstrap replicate rule (>10% non-estimable)
age_group × frailty,prespecified interaction,80+ / pre_frail,auprc,365.0,8.0,25.0,True,0.0,False,True,pre-registered event floor OR bootstrap replicate rule (>10% non-estimable)
age_group × frailty,prespecified interaction,80+ / pre_frail,sensitivity,365.0,8.0,25.0,True,0.0,False,True,pre-registered event floor OR bootstrap replicate rule (>10% non-estimable)
age_group × frailty,prespecified interaction,80+ / pre_frail,specificity,365.0,8.0,25.0,True,0.0,False,True,pre-registered event floor OR bootstrap replicate rule (>10% non-estimable)
age_group × frailty,prespecified interaction,80+ / pre_frail,ppv,365.0,8.0,25.0,True,0.0,False,True,pre-registered event floor OR bootstrap replicate rule (>10% non-estimable)
age_group × frailty,prespecified interaction,80+ / pre_frail,npv,365.0,8.0,25.0,True,0.0,False,True,pre-registered event floor OR bootstrap replicate rule (>10% non-estimable)
age_group × frailty,prespecified interaction,Overall,auroc,10719.0,504.0,25.0,False,0.0,False,False,pre-registered event floor OR bootstrap replicate rule (>10% non-estimable)
age_group × frailty,prespecified interaction,Overall,auprc,10719.0,504.0,25.0,False,0.0,False,False,pre-registered event floor OR bootstrap replicate rule (>10% non-estimable)
age_group × frailty,prespecified interaction,Overall,sensitivity,10719.0,504.0,25.0,False,0.0,False,False,pre-registered event floor OR bootstrap replicate rule (>10% non-estimable)
age_group × frailty,prespecified interaction,Overall,specificity,10719.0,504.0,25.0,False,0.0,False,False,pre-registered event floor OR bootstrap replicate rule (>10% non-estimable)
age_group × frailty,prespecified interaction,Overall,ppv,10719.0,504.0,25.0,False,0.0,False,False,pre-registered event floor OR bootstrap replicate rule (>10% non-estimable)
age_group × frailty,prespecified interaction,Overall,npv,10719.0,504.0,25.0,False,0.0,False,False,pre-registered event floor OR bootstrap replicate rule (>10% non-estimable)
sex,prespecified fairness axis,female,calibration_intercept,3689.0,190.0,25.0,False,0.0,False,False,pre-registered event floor OR bootstrap replicate rule (>10% non-estimable)
sex,prespecified fairness axis,female,calibration_slope,3689.0,190.0,100.0,False,0.0,False,False,pre-registered event floor OR bootstrap replicate rule (>10% non-estimable)
sex,prespecified fairness axis,female,brier,3689.0,190.0,25.0,False,0.0,False,False,pre-registered event floor OR bootstrap replicate rule (>10% non-estimable)
sex,prespecified fairness axis,male,calibration_intercept,7030.0,314.0,25.0,False,0.0,False,False,pre-registered event floor OR bootstrap replicate rule (>10% non-estimable)
sex,prespecified fairness axis,male,calibration_slope,7030.0,314.0,100.0,False,0.0,False,False,pre-registered event floor OR bootstrap replicate rule (>10% non-estimable)
sex,prespecified fairness axis,male,brier,7030.0,314.0,25.0,False,0.0,False,False,pre-registered event floor OR bootstrap replicate rule (>10% non-estimable)
sex,prespecified fairness axis,Overall,calibration_intercept,10719.0,504.0,25.0,False,0.0,False,False,pre-registered event floor OR bootstrap replicate rule (>10% non-estimable)
sex,prespecified fairness axis,Overall,calibration_slope,10719.0,504.0,100.0,False,0.0,False,False,pre-registered event floor OR bootstrap replicate rule (>10% non-estimable)
sex,prespecified fairness axis,Overall,brier,10719.0,504.0,25.0,False,0.0,False,False,pre-registered event floor OR bootstrap replicate rule (>10% non-estimable)
sex,prespecified fairness axis,GAP,max_intercept_gap,,,,False,0.0,False,False,pre-registered event floor OR bootstrap replicate rule (>10% non-estimable)
sex,prespecified fairness axis,GAP,max_slope_gap,,,,False,0.0,False,False,pre-registered event floor OR bootstrap replicate rule (>10% non-estimable)
age_group,prespecified fairness axis,0-17,calibration_intercept,367.0,21.0,25.0,True,0.0,False,True,pre-registered event floor OR bootstrap replicate rule (>10% non-estimable)
age_group,prespecified fairness axis,0-17,calibration_slope,367.0,21.0,100.0,True,0.0,False,True,pre-registered event floor OR bootstrap replicate rule (>10% non-estimable)
age_group,prespecified fairness axis,0-17,brier,367.0,21.0,25.0,True,0.0,False,True,pre-registered event floor OR bootstrap replicate rule (>10% non-estimable)
age_group,prespecified fairness axis,18-44,calibration_intercept,941.0,34.0,25.0,False,0.0,False,False,pre-registered event floor OR bootstrap replicate rule (>10% non-estimable)
age_group,prespecified fairness axis,18-44,calibration_slope,941.0,34.0,100.0,True,0.0,False,True,pre-registered event floor OR bootstrap replicate rule (>10% non-estimable)
age_group,prespecified fairness axis,18-44,brier,941.0,34.0,25.0,False,0.0,False,False,pre-registered event floor OR bootstrap replicate rule (>10% non-estimable)
age_group,prespecified fairness axis,45-64,calibration_intercept,3715.0,147.0,25.0,False,0.0,False,False,pre-registered event floor OR bootstrap replicate rule (>10% non-estimable)
age_group,prespecified fairness axis,45-64,calibration_slope,3715.0,147.0,100.0,False,0.0,False,False,pre-registered event floor OR bootstrap replicate rule (>10% non-estimable)
age_group,prespecified fairness axis,45-64,brier,3715.0,147.0,25.0,False,0.0,False,False,pre-registered event floor OR bootstrap replicate rule (>10% non-estimable)
age_group,prespecified fairness axis,65-79,calibration_intercept,4684.0,249.0,25.0,False,0.0,False,False,pre-registered event floor OR bootstrap replicate rule (>10% non-estimable)
age_group,prespecified fairness axis,65-79,calibration_slope,4684.0,249.0,100.0,False,0.0,False,False,pre-registered event floor OR bootstrap replicate rule (>10% non-estimable)
age_group,prespecified fairness axis,65-79,brier,4684.0,249.0,25.0,False,0.0,False,False,pre-registered event floor OR bootstrap replicate rule (>10% non-estimable)
age_group,prespecified fairness axis,80+,calibration_intercept,1012.0,53.0,25.0,False,0.0,False,False,pre-registered event floor OR bootstrap replicate rule (>10% non-estimable)
age_group,prespecified fairness axis,80+,calibration_slope,1012.0,53.0,100.0,True,0.0,False,True,pre-registered event floor OR bootstrap replicate rule (>10% non-estimable)
age_group,prespecified fairness axis,80+,brier,1012.0,53.0,25.0,False,0.0,False,False,pre-registered event floor OR bootstrap replicate rule (>10% non-estimable)
age_group,prespecified fairness axis,Overall,calibration_intercept,10719.0,504.0,25.0,False,0.0,False,False,pre-registered event floor OR bootstrap replicate rule (>10% non-estimable)
age_group,prespecified fairness axis,Overall,calibration_slope,10719.0,504.0,100.0,False,0.0,False,False,pre-registered event floor OR bootstrap replicate rule (>10% non-estimable)
age_group,prespecified fairness axis,Overall,brier,10719.0,504.0,25.0,False,0.0,False,False,pre-registered event floor OR bootstrap replicate rule (>10% non-estimable)
age_group,prespecified fairness axis,GAP,max_intercept_gap,,,25.0,True,0.0,False,True,"inherits the calibration_intercept event floor from its constituent subgroups (0-17), which fail it"
age_group,prespecified fairness axis,GAP,max_slope_gap,,,100.0,True,0.0,False,True,"inherits the calibration_slope event floor from its constituent subgroups (0-17, 18-44, 80+), which fail it"
frailty,prespecified fairness axis,frail,calibration_intercept,6139.0,400.0,25.0,False,0.0,False,False,pre-registered event floor OR bootstrap replicate rule (>10% non-estimable)
frailty,prespecified fairness axis,frail,calibration_slope,6139.0,400.0,100.0,False,0.0,False,False,pre-registered event floor OR bootstrap replicate rule (>10% non-estimable)
frailty,prespecified fairness axis,frail,brier,6139.0,400.0,25.0,False,0.0,False,False,pre-registered event floor OR bootstrap replicate rule (>10% non-estimable)
frailty,prespecified fairness axis,non_frail,calibration_intercept,1022.0,6.0,25.0,True,0.0044999999999999485,False,True,pre-registered event floor OR bootstrap replicate rule (>10% non-estimable)
frailty,prespecified fairness axis,non_frail,calibration_slope,1022.0,6.0,100.0,True,0.0044999999999999485,False,True,pre-registered event floor OR bootstrap replicate rule (>10% non-estimable)
frailty,prespecified fairness axis,non_frail,brier,1022.0,6.0,25.0,True,0.0,False,True,pre-registered event floor OR bootstrap replicate rule (>10% non-estimable)
frailty,prespecified fairness axis,pre_frail,calibration_intercept,3558.0,98.0,25.0,False,0.0,False,False,pre-registered event floor OR bootstrap replicate rule (>10% non-estimable)
frailty,prespecified fairness axis,pre_frail,calibration_slope,3558.0,98.0,100.0,True,0.0,False,True,pre-registered event floor OR bootstrap replicate rule (>10% non-estimable)
frailty,prespecified fairness axis,pre_frail,brier,3558.0,98.0,25.0,False,0.0,False,False,pre-registered event floor OR bootstrap replicate rule (>10% non-estimable)
frailty,prespecified fairness axis,Overall,calibration_intercept,10719.0,504.0,25.0,False,0.0,False,False,pre-registered event floor OR bootstrap replicate rule (>10% non-estimable)
frailty,prespecified fairness axis,Overall,calibration_slope,10719.0,504.0,100.0,False,0.0,False,False,pre-registered event floor OR bootstrap replicate rule (>10% non-estimable)
frailty,prespecified fairness axis,Overall,brier,10719.0,504.0,25.0,False,0.0,False,False,pre-registered event floor OR bootstrap replicate rule (>10% non-estimable)
frailty,prespecified fairness axis,GAP,max_intercept_gap,,,25.0,True,0.0,False,True,"inherits the calibration_intercept event floor from its constituent subgroups (non_frail), which fail it"
frailty,prespecified fairness axis,GAP,max_slope_gap,,,100.0,True,0.0,False,True,"inherits the calibration_slope event floor from its constituent subgroups (non_frail, pre_frail), which fail it"
clinic,descriptive case-mix heterogeneity,ORL,calibration_intercept,233.0,15.0,25.0,True,0.0,False,True,pre-registered event floor OR bootstrap replicate rule (>10% non-estimable)
clinic,descriptive case-mix heterogeneity,ORL,calibration_slope,233.0,15.0,100.0,True,0.0,False,True,pre-registered event floor OR bootstrap replicate rule (>10% non-estimable)
clinic,descriptive case-mix heterogeneity,ORL,brier,233.0,15.0,25.0,True,0.0,False,True,pre-registered event floor OR bootstrap replicate rule (>10% non-estimable)
clinic,descriptive case-mix heterogeneity,gynecology,calibration_intercept,452.0,24.0,25.0,True,0.0,False,True,pre-registered event floor OR bootstrap replicate rule (>10% non-estimable)
clinic,descriptive case-mix heterogeneity,gynecology,calibration_slope,452.0,24.0,100.0,True,0.0,False,True,pre-registered event floor OR bootstrap replicate rule (>10% non-estimable)
clinic,descriptive case-mix heterogeneity,gynecology,brier,452.0,24.0,25.0,True,0.0,False,True,pre-registered event floor OR bootstrap replicate rule (>10% non-estimable)
clinic,descriptive case-mix heterogeneity,neuro,calibration_intercept,1117.0,26.0,25.0,False,0.0,False,False,pre-registered event floor OR bootstrap replicate rule (>10% non-estimable)
clinic,descriptive case-mix heterogeneity,neuro,calibration_slope,1117.0,26.0,100.0,True,0.0,False,True,pre-registered event floor OR bootstrap replicate rule (>10% non-estimable)
clinic,descriptive case-mix heterogeneity,neuro,brier,1117.0,26.0,25.0,False,0.0,False,False,pre-registered event floor OR bootstrap replicate rule (>10% non-estimable)
clinic,descriptive case-mix heterogeneity,ortho,calibration_intercept,1690.0,76.0,25.0,False,0.0,False,False,pre-registered event floor OR bootstrap replicate rule (>10% non-estimable)
clinic,descriptive case-mix heterogeneity,ortho,calibration_slope,1690.0,76.0,100.0,True,0.0,False,True,pre-registered event floor OR bootstrap replicate rule (>10% non-estimable)
clinic,descriptive case-mix heterogeneity,ortho,brier,1690.0,76.0,25.0,False,0.0,False,False,pre-registered event floor OR bootstrap replicate rule (>10% non-estimable)
clinic,descriptive case-mix heterogeneity,pediatric,calibration_intercept,65.0,3.0,25.0,True,0.050000000000000044,False,True,pre-registered event floor OR bootstrap replicate rule (>10% non-estimable)
clinic,descriptive case-mix heterogeneity,pediatric,calibration_slope,65.0,3.0,100.0,True,0.050000000000000044,False,True,pre-registered event floor OR bootstrap replicate rule (>10% non-estimable)
clinic,descriptive case-mix heterogeneity,pediatric,brier,65.0,3.0,25.0,True,0.0,False,True,pre-registered event floor OR bootstrap replicate rule (>10% non-estimable)
clinic,descriptive case-mix heterogeneity,thoracic,calibration_intercept,723.0,14.0,25.0,True,0.0,False,True,pre-registered event floor OR bootstrap replicate rule (>10% non-estimable)
clinic,descriptive case-mix heterogeneity,thoracic,calibration_slope,723.0,14.0,100.0,True,0.0,False,True,pre-registered event floor OR bootstrap replicate rule (>10% non-estimable)
clinic,descriptive case-mix heterogeneity,thoracic,brier,723.0,14.0,25.0,True,0.0,False,True,pre-registered event floor OR bootstrap replicate rule (>10% non-estimable)
clinic,descriptive case-mix heterogeneity,urology,calibration_intercept,349.0,19.0,25.0,True,0.0,False,True,pre-registered event floor OR bootstrap replicate rule (>10% non-estimable)
clinic,descriptive case-mix heterogeneity,urology,calibration_slope,349.0,19.0,100.0,True,0.0,False,True,pre-registered event floor OR bootstrap replicate rule (>10% non-estimable)
clinic,descriptive case-mix heterogeneity,urology,brier,349.0,19.0,25.0,True,0.0,False,True,pre-registered event floor OR bootstrap replicate rule (>10% non-estimable)
clinic,descriptive case-mix heterogeneity,vascular,calibration_intercept,4852.0,184.0,25.0,False,0.0,False,False,pre-registered event floor OR bootstrap replicate rule (>10% non-estimable)
clinic,descriptive case-mix heterogeneity,vascular,calibration_slope,4852.0,184.0,100.0,False,0.0,False,False,pre-registered event floor OR bootstrap replicate rule (>10% non-estimable)
clinic,descriptive case-mix heterogeneity,vascular,brier,4852.0,184.0,25.0,False,0.0,False,False,pre-registered event floor OR bootstrap replicate rule (>10% non-estimable)
clinic,descriptive case-mix heterogeneity,visceral,calibration_intercept,1238.0,143.0,25.0,False,0.0,False,False,pre-registered event floor OR bootstrap replicate rule (>10% non-estimable)
clinic,descriptive case-mix heterogeneity,visceral,calibration_slope,1238.0,143.0,100.0,False,0.0,False,False,pre-registered event floor OR bootstrap replicate rule (>10% non-estimable)
clinic,descriptive case-mix heterogeneity,visceral,brier,1238.0,143.0,25.0,False,0.0,False,False,pre-registered event floor OR bootstrap replicate rule (>10% non-estimable)
clinic,descriptive case-mix heterogeneity,Overall,calibration_intercept,10719.0,504.0,25.0,False,0.0,False,False,pre-registered event floor OR bootstrap replicate rule (>10% non-estimable)
clinic,descriptive case-mix heterogeneity,Overall,calibration_slope,10719.0,504.0,100.0,False,0.0,False,False,pre-registered event floor OR bootstrap replicate rule (>10% non-estimable)
clinic,descriptive case-mix heterogeneity,Overall,brier,10719.0,504.0,25.0,False,0.0,False,False,pre-registered event floor OR bootstrap replicate rule (>10% non-estimable)
clinic,descriptive case-mix heterogeneity,GAP,max_intercept_gap,,,25.0,True,0.0,False,True,"inherits the calibration_intercept event floor from its constituent subgroups (ORL, gynecology, pediatric, thoracic, urology), which fail it"
clinic,descriptive case-mix heterogeneity,GAP,max_slope_gap,,,100.0,True,0.0,False,True,"inherits the calibration_slope event floor from its constituent subgroups (ORL, gynecology, neuro, ortho, pediatric, thoracic, urology), which fail it"
surgical_group,descriptive case-mix heterogeneity,chopcluster_1,calibration_intercept,903.0,22.0,25.0,True,0.0,False,True,pre-registered event floor OR bootstrap replicate rule (>10% non-estimable)
surgical_group,descriptive case-mix heterogeneity,chopcluster_1,calibration_slope,903.0,22.0,100.0,True,0.0,False,True,pre-registered event floor OR bootstrap replicate rule (>10% non-estimable)
surgical_group,descriptive case-mix heterogeneity,chopcluster_1,brier,903.0,22.0,25.0,True,0.0,False,True,pre-registered event floor OR bootstrap replicate rule (>10% non-estimable)
surgical_group,descriptive case-mix heterogeneity,chopcluster_10,calibration_intercept,346.0,28.0,25.0,False,0.0,False,False,pre-registered event floor OR bootstrap replicate rule (>10% non-estimable)
surgical_group,descriptive case-mix heterogeneity,chopcluster_10,calibration_slope,346.0,28.0,100.0,True,0.0,False,True,pre-registered event floor OR bootstrap replicate rule (>10% non-estimable)
surgical_group,descriptive case-mix heterogeneity,chopcluster_10,brier,346.0,28.0,25.0,False,0.0,False,False,pre-registered event floor OR bootstrap replicate rule (>10% non-estimable)
surgical_group,descriptive case-mix heterogeneity,chopcluster_11,calibration_intercept,303.0,9.0,25.0,True,0.0,False,True,pre-registered event floor OR bootstrap replicate rule (>10% non-estimable)
surgical_group,descriptive case-mix heterogeneity,chopcluster_11,calibration_slope,303.0,9.0,100.0,True,0.0,False,True,pre-registered event floor OR bootstrap replicate rule (>10% non-estimable)
surgical_group,descriptive case-mix heterogeneity,chopcluster_11,brier,303.0,9.0,25.0,True,0.0,False,True,pre-registered event floor OR bootstrap replicate rule (>10% non-estimable)
surgical_group,descriptive case-mix heterogeneity,chopcluster_12,calibration_intercept,1623.0,62.0,25.0,False,0.0,False,False,pre-registered event floor OR bootstrap replicate rule (>10% non-estimable)
surgical_group,descriptive case-mix heterogeneity,chopcluster_12,calibration_slope,1623.0,62.0,100.0,True,0.0,False,True,pre-registered event floor OR bootstrap replicate rule (>10% non-estimable)
surgical_group,descriptive case-mix heterogeneity,chopcluster_12,brier,1623.0,62.0,25.0,False,0.0,False,False,pre-registered event floor OR bootstrap replicate rule (>10% non-estimable)
surgical_group,descriptive case-mix heterogeneity,chopcluster_13,calibration_intercept,213.0,43.0,25.0,False,0.0,False,False,pre-registered event floor OR bootstrap replicate rule (>10% non-estimable)
surgical_group,descriptive case-mix heterogeneity,chopcluster_13,calibration_slope,213.0,43.0,100.0,True,0.0,False,True,pre-registered event floor OR bootstrap replicate rule (>10% non-estimable)
surgical_group,descriptive case-mix heterogeneity,chopcluster_13,brier,213.0,43.0,25.0,False,0.0,False,False,pre-registered event floor OR bootstrap replicate rule (>10% non-estimable)
surgical_group,descriptive case-mix heterogeneity,chopcluster_3,calibration_intercept,807.0,22.0,25.0,True,0.0,False,True,pre-registered event floor OR bootstrap replicate rule (>10% non-estimable)
surgical_group,descriptive case-mix heterogeneity,chopcluster_3,calibration_slope,807.0,22.0,100.0,True,0.0,False,True,pre-registered event floor OR bootstrap replicate rule (>10% non-estimable)
surgical_group,descriptive case-mix heterogeneity,chopcluster_3,brier,807.0,22.0,25.0,True,0.0,False,True,pre-registered event floor OR bootstrap replicate rule (>10% non-estimable)
surgical_group,descriptive case-mix heterogeneity,chopcluster_4,calibration_intercept,3764.0,118.0,25.0,False,0.0,False,False,pre-registered event floor OR bootstrap replicate rule (>10% non-estimable)
surgical_group,descriptive case-mix heterogeneity,chopcluster_4,calibration_slope,3764.0,118.0,100.0,False,0.0,False,False,pre-registered event floor OR bootstrap replicate rule (>10% non-estimable)
surgical_group,descriptive case-mix heterogeneity,chopcluster_4,brier,3764.0,118.0,25.0,False,0.0,False,False,pre-registered event floor OR bootstrap replicate rule (>10% non-estimable)
surgical_group,descriptive case-mix heterogeneity,chopcluster_5,calibration_intercept,769.0,30.0,25.0,False,0.0,False,False,pre-registered event floor OR bootstrap replicate rule (>10% non-estimable)
surgical_group,descriptive case-mix heterogeneity,chopcluster_5,calibration_slope,769.0,30.0,100.0,True,0.0,False,True,pre-registered event floor OR bootstrap replicate rule (>10% non-estimable)
surgical_group,descriptive case-mix heterogeneity,chopcluster_5,brier,769.0,30.0,25.0,False,0.0,False,False,pre-registered event floor OR bootstrap replicate rule (>10% non-estimable)
surgical_group,descriptive case-mix heterogeneity,chopcluster_6,calibration_intercept,530.0,67.0,25.0,False,0.0,False,False,pre-registered event floor OR bootstrap replicate rule (>10% non-estimable)
surgical_group,descriptive case-mix heterogeneity,chopcluster_6,calibration_slope,530.0,67.0,100.0,True,0.0,False,True,pre-registered event floor OR bootstrap replicate rule (>10% non-estimable)
surgical_group,descriptive case-mix heterogeneity,chopcluster_6,brier,530.0,67.0,25.0,False,0.0,False,False,pre-registered event floor OR bootstrap replicate rule (>10% non-estimable)
surgical_group,descriptive case-mix heterogeneity,chopcluster_7,calibration_intercept,298.0,36.0,25.0,False,0.0,False,False,pre-registered event floor OR bootstrap replicate rule (>10% non-estimable)
surgical_group,descriptive case-mix heterogeneity,chopcluster_7,calibration_slope,298.0,36.0,100.0,True,0.0,False,True,pre-registered event floor OR bootstrap replicate rule (>10% non-estimable)
surgical_group,descriptive case-mix heterogeneity,chopcluster_7,brier,298.0,36.0,25.0,False,0.0,False,False,pre-registered event floor OR bootstrap replicate rule (>10% non-estimable)
surgical_group,descriptive case-mix heterogeneity,chopcluster_8,calibration_intercept,306.0,23.0,25.0,True,0.0,False,True,pre-registered event floor OR bootstrap replicate rule (>10% non-estimable)
surgical_group,descriptive case-mix heterogeneity,chopcluster_8,calibration_slope,306.0,23.0,100.0,True,0.0,False,True,pre-registered event floor OR bootstrap replicate rule (>10% non-estimable)
surgical_group,descriptive case-mix heterogeneity,chopcluster_8,brier,306.0,23.0,25.0,True,0.0,False,True,pre-registered event floor OR bootstrap replicate rule (>10% non-estimable)
surgical_group,descriptive case-mix heterogeneity,none,calibration_intercept,857.0,44.0,25.0,False,0.0,False,False,pre-registered event floor OR bootstrap replicate rule (>10% non-estimable)
surgical_group,descriptive case-mix heterogeneity,none,calibration_slope,857.0,44.0,100.0,True,0.0,False,True,pre-registered event floor OR bootstrap replicate rule (>10% non-estimable)
surgical_group,descriptive case-mix heterogeneity,none,brier,857.0,44.0,25.0,False,0.0,False,False,pre-registered event floor OR bootstrap replicate rule (>10% non-estimable)
surgical_group,descriptive case-mix heterogeneity,Overall,calibration_intercept,10719.0,504.0,25.0,False,0.0,False,False,pre-registered event floor OR bootstrap replicate rule (>10% non-estimable)
surgical_group,descriptive case-mix heterogeneity,Overall,calibration_slope,10719.0,504.0,100.0,False,0.0,False,False,pre-registered event floor OR bootstrap replicate rule (>10% non-estimable)
surgical_group,descriptive case-mix heterogeneity,Overall,brier,10719.0,504.0,25.0,False,0.0,False,False,pre-registered event floor OR bootstrap replicate rule (>10% non-estimable)
surgical_group,descriptive case-mix heterogeneity,GAP,max_intercept_gap,,,25.0,True,0.0,False,True,"inherits the calibration_intercept event floor from its constituent subgroups (chopcluster_1, chopcluster_11, chopcluster_3, chopcluster_8), which fail it"
surgical_group,descriptive case-mix heterogeneity,GAP,max_slope_gap,,,100.0,True,0.0,False,True,"inherits the calibration_slope event floor from its constituent subgroups (chopcluster_1, chopcluster_10, chopcluster_11, chopcluster_12, chopcluster_13, chopcluster_3, chopcluster_5, chopcluster_6, chopcluster_7, chopcluster_8, none), which fail it"
emergency,descriptive case-mix heterogeneity,elective,calibration_intercept,9250.0,316.0,25.0,False,0.0,False,False,pre-registered event floor OR bootstrap replicate rule (>10% non-estimable)
emergency,descriptive case-mix heterogeneity,elective,calibration_slope,9250.0,316.0,100.0,False,0.0,False,False,pre-registered event floor OR bootstrap replicate rule (>10% non-estimable)
emergency,descriptive case-mix heterogeneity,elective,brier,9250.0,316.0,25.0,False,0.0,False,False,pre-registered event floor OR bootstrap replicate rule (>10% non-estimable)
emergency,descriptive case-mix heterogeneity,emergency,calibration_intercept,1469.0,188.0,25.0,False,0.0,False,False,pre-registered event floor OR bootstrap replicate rule (>10% non-estimable)
emergency,descriptive case-mix heterogeneity,emergency,calibration_slope,1469.0,188.0,100.0,False,0.0,False,False,pre-registered event floor OR bootstrap replicate rule (>10% non-estimable)
emergency,descriptive case-mix heterogeneity,emergency,brier,1469.0,188.0,25.0,False,0.0,False,False,pre-registered event floor OR bootstrap replicate rule (>10% non-estimable)
emergency,descriptive case-mix heterogeneity,Overall,calibration_intercept,10719.0,504.0,25.0,False,0.0,False,False,pre-registered event floor OR bootstrap replicate rule (>10% non-estimable)
emergency,descriptive case-mix heterogeneity,Overall,calibration_slope,10719.0,504.0,100.0,False,0.0,False,False,pre-registered event floor OR bootstrap replicate rule (>10% non-estimable)
emergency,descriptive case-mix heterogeneity,Overall,brier,10719.0,504.0,25.0,False,0.0,False,False,pre-registered event floor OR bootstrap replicate rule (>10% non-estimable)
emergency,descriptive case-mix heterogeneity,GAP,max_intercept_gap,,,,False,0.0,False,False,pre-registered event floor OR bootstrap replicate rule (>10% non-estimable)
emergency,descriptive case-mix heterogeneity,GAP,max_slope_gap,,,,False,0.0,False,False,pre-registered event floor OR bootstrap replicate rule (>10% non-estimable)
sex × age_group,prespecified interaction,female / 0-17,calibration_intercept,175.0,13.0,25.0,True,0.0,False,True,pre-registered event floor OR bootstrap replicate rule (>10% non-estimable)
sex × age_group,prespecified interaction,female / 0-17,calibration_slope,175.0,13.0,100.0,True,0.0,False,True,pre-registered event floor OR bootstrap replicate rule (>10% non-estimable)
sex × age_group,prespecified interaction,female / 0-17,brier,175.0,13.0,25.0,True,0.0,False,True,pre-registered event floor OR bootstrap replicate rule (>10% non-estimable)
sex × age_group,prespecified interaction,female / 18-44,calibration_intercept,408.0,13.0,25.0,True,0.0,False,True,pre-registered event floor OR bootstrap replicate rule (>10% non-estimable)
sex × age_group,prespecified interaction,female / 18-44,calibration_slope,408.0,13.0,100.0,True,0.0,False,True,pre-registered event floor OR bootstrap replicate rule (>10% non-estimable)
sex × age_group,prespecified interaction,female / 18-44,brier,408.0,13.0,25.0,True,0.0,False,True,pre-registered event floor OR bootstrap replicate rule (>10% non-estimable)
sex × age_group,prespecified interaction,female / 45-64,calibration_intercept,1179.0,52.0,25.0,False,0.0,False,False,pre-registered event floor OR bootstrap replicate rule (>10% non-estimable)
sex × age_group,prespecified interaction,female / 45-64,calibration_slope,1179.0,52.0,100.0,True,0.0,False,True,pre-registered event floor OR bootstrap replicate rule (>10% non-estimable)
sex × age_group,prespecified interaction,female / 45-64,brier,1179.0,52.0,25.0,False,0.0,False,False,pre-registered event floor OR bootstrap replicate rule (>10% non-estimable)
sex × age_group,prespecified interaction,female / 65-79,calibration_intercept,1470.0,93.0,25.0,False,0.0,False,False,pre-registered event floor OR bootstrap replicate rule (>10% non-estimable)
sex × age_group,prespecified interaction,female / 65-79,calibration_slope,1470.0,93.0,100.0,True,0.0,False,True,pre-registered event floor OR bootstrap replicate rule (>10% non-estimable)
sex × age_group,prespecified interaction,female / 65-79,brier,1470.0,93.0,25.0,False,0.0,False,False,pre-registered event floor OR bootstrap replicate rule (>10% non-estimable)
sex × age_group,prespecified interaction,female / 80+,calibration_intercept,457.0,19.0,25.0,True,0.0,False,True,pre-registered event floor OR bootstrap replicate rule (>10% non-estimable)
sex × age_group,prespecified interaction,female / 80+,calibration_slope,457.0,19.0,100.0,True,0.0,False,True,pre-registered event floor OR bootstrap replicate rule (>10% non-estimable)
sex × age_group,prespecified interaction,female / 80+,brier,457.0,19.0,25.0,True,0.0,False,True,pre-registered event floor OR bootstrap replicate rule (>10% non-estimable)
sex × age_group,prespecified interaction,male / 0-17,calibration_intercept,192.0,8.0,25.0,True,0.0,False,True,pre-registered event floor OR bootstrap replicate rule (>10% non-estimable)
sex × age_group,prespecified interaction,male / 0-17,calibration_slope,192.0,8.0,100.0,True,0.0,False,True,pre-registered event floor OR bootstrap replicate rule (>10% non-estimable)
sex × age_group,prespecified interaction,male / 0-17,brier,192.0,8.0,25.0,True,0.0,False,True,pre-registered event floor OR bootstrap replicate rule (>10% non-estimable)
sex × age_group,prespecified interaction,male / 18-44,calibration_intercept,533.0,21.0,25.0,True,0.0,False,True,pre-registered event floor OR bootstrap replicate rule (>10% non-estimable)
sex × age_group,prespecified interaction,male / 18-44,calibration_slope,533.0,21.0,100.0,True,0.0,False,True,pre-registered event floor OR bootstrap replicate rule (>10% non-estimable)
sex × age_group,prespecified interaction,male / 18-44,brier,533.0,21.0,25.0,True,0.0,False,True,pre-registered event floor OR bootstrap replicate rule (>10% non-estimable)
sex × age_group,prespecified interaction,male / 45-64,calibration_intercept,2536.0,95.0,25.0,False,0.0,False,False,pre-registered event floor OR bootstrap replicate rule (>10% non-estimable)
sex × age_group,prespecified interaction,male / 45-64,calibration_slope,2536.0,95.0,100.0,True,0.0,False,True,pre-registered event floor OR bootstrap replicate rule (>10% non-estimable)
sex × age_group,prespecified interaction,male / 45-64,brier,2536.0,95.0,25.0,False,0.0,False,False,pre-registered event floor OR bootstrap replicate rule (>10% non-estimable)
sex × age_group,prespecified interaction,male / 65-79,calibration_intercept,3214.0,156.0,25.0,False,0.0,False,False,pre-registered event floor OR bootstrap replicate rule (>10% non-estimable)
sex × age_group,prespecified interaction,male / 65-79,calibration_slope,3214.0,156.0,100.0,False,0.0,False,False,pre-registered event floor OR bootstrap replicate rule (>10% non-estimable)
sex × age_group,prespecified interaction,male / 65-79,brier,3214.0,156.0,25.0,False,0.0,False,False,pre-registered event floor OR bootstrap replicate rule (>10% non-estimable)
sex × age_group,prespecified interaction,male / 80+,calibration_intercept,555.0,34.0,25.0,False,0.0,False,False,pre-registered event floor OR bootstrap replicate rule (>10% non-estimable)
sex × age_group,prespecified interaction,male / 80+,calibration_slope,555.0,34.0,100.0,True,0.0,False,True,pre-registered event floor OR bootstrap replicate rule (>10% non-estimable)
sex × age_group,prespecified interaction,male / 80+,brier,555.0,34.0,25.0,False,0.0,False,False,pre-registered event floor OR bootstrap replicate rule (>10% non-estimable)
sex × age_group,prespecified interaction,Overall,calibration_intercept,10719.0,504.0,25.0,False,0.0,False,False,pre-registered event floor OR bootstrap replicate rule (>10% non-estimable)
sex × age_group,prespecified interaction,Overall,calibration_slope,10719.0,504.0,100.0,False,0.0,False,False,pre-registered event floor OR bootstrap replicate rule (>10% non-estimable)
sex × age_group,prespecified interaction,Overall,brier,10719.0,504.0,25.0,False,0.0,False,False,pre-registered event floor OR bootstrap replicate rule (>10% non-estimable)
sex × age_group,prespecified interaction,GAP,max_intercept_gap,,,25.0,True,0.0,False,True,"inherits the calibration_intercept event floor from its constituent subgroups (female / 0-17, female / 18-44, female / 80+, male / 0-17, male / 18-44), which fail it"
sex × age_group,prespecified interaction,GAP,max_slope_gap,,,100.0,True,0.0,False,True,"inherits the calibration_slope event floor from its constituent subgroups (female / 0-17, female / 18-44, female / 45-64, female / 65-79, female / 80+, male / 0-17, male / 18-44, male / 45-64, male / 80+), which fail it"
sex × frailty,prespecified interaction,female / frail,calibration_intercept,1666.0,129.0,25.0,False,0.0,False,False,pre-registered event floor OR bootstrap replicate rule (>10% non-estimable)
sex × frailty,prespecified interaction,female / frail,calibration_slope,1666.0,129.0,100.0,False,0.0,False,False,pre-registered event floor OR bootstrap replicate rule (>10% non-estimable)
sex × frailty,prespecified interaction,female / frail,brier,1666.0,129.0,25.0,False,0.0,False,False,pre-registered event floor OR bootstrap replicate rule (>10% non-estimable)
sex × frailty,prespecified interaction,female / non_frail,calibration_intercept,522.0,1.0,25.0,True,0.384,True,True,pre-registered event floor OR bootstrap replicate rule (>10% non-estimable)
sex × frailty,prespecified interaction,female / non_frail,calibration_slope,522.0,1.0,100.0,True,0.384,True,True,pre-registered event floor OR bootstrap replicate rule (>10% non-estimable)
sex × frailty,prespecified interaction,female / non_frail,brier,522.0,1.0,25.0,True,0.0,False,True,pre-registered event floor OR bootstrap replicate rule (>10% non-estimable)
sex × frailty,prespecified interaction,female / pre_frail,calibration_intercept,1501.0,60.0,25.0,False,0.0,False,False,pre-registered event floor OR bootstrap replicate rule (>10% non-estimable)
sex × frailty,prespecified interaction,female / pre_frail,calibration_slope,1501.0,60.0,100.0,True,0.0,False,True,pre-registered event floor OR bootstrap replicate rule (>10% non-estimable)
sex × frailty,prespecified interaction,female / pre_frail,brier,1501.0,60.0,25.0,False,0.0,False,False,pre-registered event floor OR bootstrap replicate rule (>10% non-estimable)
sex × frailty,prespecified interaction,male / frail,calibration_intercept,4473.0,271.0,25.0,False,0.0,False,False,pre-registered event floor OR bootstrap replicate rule (>10% non-estimable)
sex × frailty,prespecified interaction,male / frail,calibration_slope,4473.0,271.0,100.0,False,0.0,False,False,pre-registered event floor OR bootstrap replicate rule (>10% non-estimable)
sex × frailty,prespecified interaction,male / frail,brier,4473.0,271.0,25.0,False,0.0,False,False,pre-registered event floor OR bootstrap replicate rule (>10% non-estimable)
sex × frailty,prespecified interaction,male / non_frail,calibration_intercept,500.0,5.0,25.0,True,0.007499999999999951,False,True,pre-registered event floor OR bootstrap replicate rule (>10% non-estimable)
sex × frailty,prespecified interaction,male / non_frail,calibration_slope,500.0,5.0,100.0,True,0.007499999999999951,False,True,pre-registered event floor OR bootstrap replicate rule (>10% non-estimable)
sex × frailty,prespecified interaction,male / non_frail,brier,500.0,5.0,25.0,True,0.0,False,True,pre-registered event floor OR bootstrap replicate rule (>10% non-estimable)
sex × frailty,prespecified interaction,male / pre_frail,calibration_intercept,2057.0,38.0,25.0,False,0.0,False,False,pre-registered event floor OR bootstrap replicate rule (>10% non-estimable)
sex × frailty,prespecified interaction,male / pre_frail,calibration_slope,2057.0,38.0,100.0,True,0.0,False,True,pre-registered event floor OR bootstrap replicate rule (>10% non-estimable)
sex × frailty,prespecified interaction,male / pre_frail,brier,2057.0,38.0,25.0,False,0.0,False,False,pre-registered event floor OR bootstrap replicate rule (>10% non-estimable)
sex × frailty,prespecified interaction,Overall,calibration_intercept,10719.0,504.0,25.0,False,0.0,False,False,pre-registered event floor OR bootstrap replicate rule (>10% non-estimable)
sex × frailty,prespecified interaction,Overall,calibration_slope,10719.0,504.0,100.0,False,0.0,False,False,pre-registered event floor OR bootstrap replicate rule (>10% non-estimable)
sex × frailty,prespecified interaction,Overall,brier,10719.0,504.0,25.0,False,0.0,False,False,pre-registered event floor OR bootstrap replicate rule (>10% non-estimable)
sex × frailty,prespecified interaction,GAP,max_intercept_gap,,,25.0,True,0.0,False,True,"inherits the calibration_intercept event floor from its constituent subgroups (female / non_frail, male / non_frail), which fail it"
sex × frailty,prespecified interaction,GAP,max_slope_gap,,,100.0,True,0.0,False,True,"inherits the calibration_slope event floor from its constituent subgroups (female / non_frail, female / pre_frail, male / non_frail, male / pre_frail), which fail it"
age_group × frailty,prespecified interaction,0-17 / frail,calibration_intercept,211.0,19.0,25.0,True,0.0,False,True,pre-registered event floor OR bootstrap replicate rule (>10% non-estimable)
age_group × frailty,prespecified interaction,0-17 / frail,calibration_slope,211.0,19.0,100.0,True,0.0,False,True,pre-registered event floor OR bootstrap replicate rule (>10% non-estimable)
age_group × frailty,prespecified interaction,0-17 / frail,brier,211.0,19.0,25.0,True,0.0,False,True,pre-registered event floor OR bootstrap replicate rule (>10% non-estimable)
age_group × frailty,prespecified interaction,0-17 / non_frail,calibration_intercept,45.0,0.0,25.0,True,1.0,True,True,pre-registered event floor OR bootstrap replicate rule (>10% non-estimable)
age_group × frailty,prespecified interaction,0-17 / non_frail,calibration_slope,45.0,0.0,100.0,True,1.0,True,True,pre-registered event floor OR bootstrap replicate rule (>10% non-estimable)
age_group × frailty,prespecified interaction,0-17 / non_frail,brier,45.0,0.0,25.0,True,0.0,False,True,pre-registered event floor OR bootstrap replicate rule (>10% non-estimable)
age_group × frailty,prespecified interaction,0-17 / pre_frail,calibration_intercept,111.0,2.0,25.0,True,0.11750000000000005,True,True,pre-registered event floor OR bootstrap replicate rule (>10% non-estimable)
age_group × frailty,prespecified interaction,0-17 / pre_frail,calibration_slope,111.0,2.0,100.0,True,0.11750000000000005,True,True,pre-registered event floor OR bootstrap replicate rule (>10% non-estimable)
age_group × frailty,prespecified interaction,0-17 / pre_frail,brier,111.0,2.0,25.0,True,0.0,False,True,pre-registered event floor OR bootstrap replicate rule (>10% non-estimable)
age_group × frailty,prespecified interaction,18-44 / frail,calibration_intercept,300.0,21.0,25.0,True,0.0,False,True,pre-registered event floor OR bootstrap replicate rule (>10% non-estimable)
age_group × frailty,prespecified interaction,18-44 / frail,calibration_slope,300.0,21.0,100.0,True,0.0,False,True,pre-registered event floor OR bootstrap replicate rule (>10% non-estimable)
age_group × frailty,prespecified interaction,18-44 / frail,brier,300.0,21.0,25.0,True,0.0,False,True,pre-registered event floor OR bootstrap replicate rule (>10% non-estimable)
age_group × frailty,prespecified interaction,18-44 / non_frail,calibration_intercept,331.0,2.0,25.0,True,0.134,True,True,pre-registered event floor OR bootstrap replicate rule (>10% non-estimable)
age_group × frailty,prespecified interaction,18-44 / non_frail,calibration_slope,331.0,2.0,100.0,True,0.134,True,True,pre-registered event floor OR bootstrap replicate rule (>10% non-estimable)
age_group × frailty,prespecified interaction,18-44 / non_frail,brier,331.0,2.0,25.0,True,0.0,False,True,pre-registered event floor OR bootstrap replicate rule (>10% non-estimable)
age_group × frailty,prespecified interaction,18-44 / pre_frail,calibration_intercept,310.0,11.0,25.0,True,0.0,False,True,pre-registered event floor OR bootstrap replicate rule (>10% non-estimable)
age_group × frailty,prespecified interaction,18-44 / pre_frail,calibration_slope,310.0,11.0,100.0,True,0.0,False,True,pre-registered event floor OR bootstrap replicate rule (>10% non-estimable)
age_group × frailty,prespecified interaction,18-44 / pre_frail,brier,310.0,11.0,25.0,True,0.0,False,True,pre-registered event floor OR bootstrap replicate rule (>10% non-estimable)
age_group × frailty,prespecified interaction,45-64 / frail,calibration_intercept,1967.0,111.0,25.0,False,0.0,False,False,pre-registered event floor OR bootstrap replicate rule (>10% non-estimable)
age_group × frailty,prespecified interaction,45-64 / frail,calibration_slope,1967.0,111.0,100.0,False,0.0,False,False,pre-registered event floor OR bootstrap replicate rule (>10% non-estimable)
age_group × frailty,prespecified interaction,45-64 / frail,brier,1967.0,111.0,25.0,False,0.0,False,False,pre-registered event floor OR bootstrap replicate rule (>10% non-estimable)
age_group × frailty,prespecified interaction,45-64 / non_frail,calibration_intercept,410.0,3.0,25.0,True,0.03849999999999998,False,True,pre-registered event floor OR bootstrap replicate rule (>10% non-estimable)
age_group × frailty,prespecified interaction,45-64 / non_frail,calibration_slope,410.0,3.0,100.0,True,0.03849999999999998,False,True,pre-registered event floor OR bootstrap replicate rule (>10% non-estimable)
age_group × frailty,prespecified interaction,45-64 / non_frail,brier,410.0,3.0,25.0,True,0.0,False,True,pre-registered event floor OR bootstrap replicate rule (>10% non-estimable)
age_group × frailty,prespecified interaction,45-64 / pre_frail,calibration_intercept,1338.0,33.0,25.0,False,0.0,False,False,pre-registered event floor OR bootstrap replicate rule (>10% non-estimable)
age_group × frailty,prespecified interaction,45-64 / pre_frail,calibration_slope,1338.0,33.0,100.0,True,0.0,False,True,pre-registered event floor OR bootstrap replicate rule (>10% non-estimable)
age_group × frailty,prespecified interaction,45-64 / pre_frail,brier,1338.0,33.0,25.0,False,0.0,False,False,pre-registered event floor OR bootstrap replicate rule (>10% non-estimable)
age_group × frailty,prespecified interaction,65-79 / frail,calibration_intercept,3032.0,204.0,25.0,False,0.0,False,False,pre-registered event floor OR bootstrap replicate rule (>10% non-estimable)
age_group × frailty,prespecified interaction,65-79 / frail,calibration_slope,3032.0,204.0,100.0,False,0.0,False,False,pre-registered event floor OR bootstrap replicate rule (>10% non-estimable)
age_group × frailty,prespecified interaction,65-79 / frail,brier,3032.0,204.0,25.0,False,0.0,False,False,pre-registered event floor OR bootstrap replicate rule (>10% non-estimable)
age_group × frailty,prespecified interaction,65-79 / non_frail,calibration_intercept,218.0,1.0,25.0,True,0.38049999999999995,True,True,pre-registered event floor OR bootstrap replicate rule (>10% non-estimable)
age_group × frailty,prespecified interaction,65-79 / non_frail,calibration_slope,218.0,1.0,100.0,True,0.38049999999999995,True,True,pre-registered event floor OR bootstrap replicate rule (>10% non-estimable)
age_group × frailty,prespecified interaction,65-79 / non_frail,brier,218.0,1.0,25.0,True,0.0,False,True,pre-registered event floor OR bootstrap replicate rule (>10% non-estimable)
age_group × frailty,prespecified interaction,65-79 / pre_frail,calibration_intercept,1434.0,44.0,25.0,False,0.0,False,False,pre-registered event floor OR bootstrap replicate rule (>10% non-estimable)
age_group × frailty,prespecified interaction,65-79 / pre_frail,calibration_slope,1434.0,44.0,100.0,True,0.0,False,True,pre-registered event floor OR bootstrap replicate rule (>10% non-estimable)
age_group × frailty,prespecified interaction,65-79 / pre_frail,brier,1434.0,44.0,25.0,False,0.0,False,False,pre-registered event floor OR bootstrap replicate rule (>10% non-estimable)
age_group × frailty,prespecified interaction,80+ / frail,calibration_intercept,629.0,45.0,25.0,False,0.0,False,False,pre-registered event floor OR bootstrap replicate rule (>10% non-estimable)
age_group × frailty,prespecified interaction,80+ / frail,calibration_slope,629.0,45.0,100.0,True,0.0,False,True,pre-registered event floor OR bootstrap replicate rule (>10% non-estimable)
age_group × frailty,prespecified interaction,80+ / frail,brier,629.0,45.0,25.0,False,0.0,False,False,pre-registered event floor OR bootstrap replicate rule (>10% non-estimable)
age_group × frailty,prespecified interaction,80+ / non_frail,calibration_intercept,18.0,0.0,25.0,True,1.0,True,True,pre-registered event floor OR bootstrap replicate rule (>10% non-estimable)
age_group × frailty,prespecified interaction,80+ / non_frail,calibration_slope,18.0,0.0,100.0,True,1.0,True,True,pre-registered event floor OR bootstrap replicate rule (>10% non-estimable)
age_group × frailty,prespecified interaction,80+ / non_frail,brier,18.0,0.0,25.0,True,0.0,False,True,pre-registered event floor OR bootstrap replicate rule (>10% non-estimable)
age_group × frailty,prespecified interaction,80+ / pre_frail,calibration_intercept,365.0,8.0,25.0,True,0.0,False,True,pre-registered event floor OR bootstrap replicate rule (>10% non-estimable)
age_group × frailty,prespecified interaction,80+ / pre_frail,calibration_slope,365.0,8.0,100.0,True,0.0,False,True,pre-registered event floor OR bootstrap replicate rule (>10% non-estimable)
age_group × frailty,prespecified interaction,80+ / pre_frail,brier,365.0,8.0,25.0,True,0.0,False,True,pre-registered event floor OR bootstrap replicate rule (>10% non-estimable)
age_group × frailty,prespecified interaction,Overall,calibration_intercept,10719.0,504.0,25.0,False,0.0,False,False,pre-registered event floor OR bootstrap replicate rule (>10% non-estimable)
age_group × frailty,prespecified interaction,Overall,calibration_slope,10719.0,504.0,100.0,False,0.0,False,False,pre-registered event floor OR bootstrap replicate rule (>10% non-estimable)
age_group × frailty,prespecified interaction,Overall,brier,10719.0,504.0,25.0,False,0.0,False,False,pre-registered event floor OR bootstrap replicate rule (>10% non-estimable)
age_group × frailty,prespecified interaction,GAP,max_intercept_gap,,,25.0,True,0.0,False,True,"inherits the calibration_intercept event floor from its constituent subgroups (0-17 / frail, 0-17 / non_frail, 0-17 / pre_frail, 18-44 / frail, 18-44 / non_frail, 18-44 / pre_frail, 45-64 / non_frail, 65-79 / non_frail, 80+ / non_frail, 80+ / pre_frail), which fail it"
age_group × frailty,prespecified interaction,GAP,max_slope_gap,,,100.0,True,0.0,False,True,"inherits the calibration_slope event floor from its constituent subgroups (0-17 / frail, 0-17 / non_frail, 0-17 / pre_frail, 18-44 / frail, 18-44 / non_frail, 18-44 / pre_frail, 45-64 / non_frail, 45-64 / pre_frail, 65-79 / non_frail, 65-79 / pre_frail, 80+ / frail, 80+ / non_frail, 80+ / pre_frail), which fail it"
