attribute,subgroup,metric,n,n_events,event_floor,below_floor,n_replicates,n_estimable,proportion_nonestimable,not_estimable,not_estimable_final,rule
age_group,0-17,auprc,367.0,21.0,25.0,True,2000.0,2000.0,0.0,False,True,below its pre-registered event floor
age_group,0-17,auroc,367.0,21.0,25.0,True,2000.0,2000.0,0.0,False,True,below its pre-registered event floor
age_group,0-17,brier,367.0,21.0,25.0,True,2000.0,2000.0,0.0,False,True,below its pre-registered event floor
age_group,0-17,calibration_intercept,367.0,21.0,25.0,True,2000.0,2000.0,0.0,False,True,below its pre-registered event floor
age_group,0-17,calibration_slope,367.0,21.0,100.0,True,2000.0,2000.0,0.0,False,True,below its pre-registered event floor
age_group,0-17,net_benefit,367.0,21.0,50.0,True,,,,False,True,below its pre-registered event floor
age_group,0-17,npv,367.0,21.0,25.0,True,2000.0,2000.0,0.0,False,True,below its pre-registered event floor
age_group,0-17,ppv,367.0,21.0,25.0,True,2000.0,2000.0,0.0,False,True,below its pre-registered event floor
age_group,0-17,prevalence,367.0,21.0,,False,2000.0,2000.0,0.0,False,False,reportable
age_group,0-17,sensitivity,367.0,21.0,25.0,True,2000.0,2000.0,0.0,False,True,below its pre-registered event floor
age_group,0-17,specificity,367.0,21.0,25.0,True,2000.0,2000.0,0.0,False,True,below its pre-registered event floor
age_group,18-44,auprc,941.0,34.0,25.0,False,2000.0,2000.0,0.0,False,False,reportable
age_group,18-44,auroc,941.0,34.0,25.0,False,2000.0,2000.0,0.0,False,False,reportable
age_group,18-44,brier,941.0,34.0,25.0,False,2000.0,2000.0,0.0,False,False,reportable
age_group,18-44,calibration_intercept,941.0,34.0,25.0,False,2000.0,2000.0,0.0,False,False,reportable
age_group,18-44,calibration_slope,941.0,34.0,100.0,True,2000.0,2000.0,0.0,False,True,below its pre-registered event floor
age_group,18-44,net_benefit,941.0,34.0,50.0,True,,,,False,True,below its pre-registered event floor
age_group,18-44,npv,941.0,34.0,25.0,False,2000.0,2000.0,0.0,False,False,reportable
age_group,18-44,ppv,941.0,34.0,25.0,False,2000.0,2000.0,0.0,False,False,reportable
age_group,18-44,prevalence,941.0,34.0,,False,2000.0,2000.0,0.0,False,False,reportable
age_group,18-44,sensitivity,941.0,34.0,25.0,False,2000.0,2000.0,0.0,False,False,reportable
age_group,18-44,specificity,941.0,34.0,25.0,False,2000.0,2000.0,0.0,False,False,reportable
age_group,45-64,auprc,3715.0,147.0,25.0,False,2000.0,2000.0,0.0,False,False,reportable
age_group,45-64,auroc,3715.0,147.0,25.0,False,2000.0,2000.0,0.0,False,False,reportable
age_group,45-64,brier,3715.0,147.0,25.0,False,2000.0,2000.0,0.0,False,False,reportable
age_group,45-64,calibration_intercept,3715.0,147.0,25.0,False,2000.0,2000.0,0.0,False,False,reportable
age_group,45-64,calibration_slope,3715.0,147.0,100.0,False,2000.0,2000.0,0.0,False,False,reportable
age_group,45-64,net_benefit,3715.0,147.0,50.0,False,,,,False,False,reportable
age_group,45-64,npv,3715.0,147.0,25.0,False,2000.0,2000.0,0.0,False,False,reportable
age_group,45-64,ppv,3715.0,147.0,25.0,False,2000.0,2000.0,0.0,False,False,reportable
age_group,45-64,prevalence,3715.0,147.0,,False,2000.0,2000.0,0.0,False,False,reportable
age_group,45-64,sensitivity,3715.0,147.0,25.0,False,2000.0,2000.0,0.0,False,False,reportable
age_group,45-64,specificity,3715.0,147.0,25.0,False,2000.0,2000.0,0.0,False,False,reportable
age_group,65-79,auprc,4684.0,249.0,25.0,False,2000.0,2000.0,0.0,False,False,reportable
age_group,65-79,auroc,4684.0,249.0,25.0,False,2000.0,2000.0,0.0,False,False,reportable
age_group,65-79,brier,4684.0,249.0,25.0,False,2000.0,2000.0,0.0,False,False,reportable
age_group,65-79,calibration_intercept,4684.0,249.0,25.0,False,2000.0,2000.0,0.0,False,False,reportable
age_group,65-79,calibration_slope,4684.0,249.0,100.0,False,2000.0,2000.0,0.0,False,False,reportable
age_group,65-79,net_benefit,4684.0,249.0,50.0,False,,,,False,False,reportable
age_group,65-79,npv,4684.0,249.0,25.0,False,2000.0,2000.0,0.0,False,False,reportable
age_group,65-79,ppv,4684.0,249.0,25.0,False,2000.0,2000.0,0.0,False,False,reportable
age_group,65-79,prevalence,4684.0,249.0,,False,2000.0,2000.0,0.0,False,False,reportable
age_group,65-79,sensitivity,4684.0,249.0,25.0,False,2000.0,2000.0,0.0,False,False,reportable
age_group,65-79,specificity,4684.0,249.0,25.0,False,2000.0,2000.0,0.0,False,False,reportable
age_group,80+,auprc,1012.0,53.0,25.0,False,2000.0,2000.0,0.0,False,False,reportable
age_group,80+,auroc,1012.0,53.0,25.0,False,2000.0,2000.0,0.0,False,False,reportable
age_group,80+,brier,1012.0,53.0,25.0,False,2000.0,2000.0,0.0,False,False,reportable
age_group,80+,calibration_intercept,1012.0,53.0,25.0,False,2000.0,2000.0,0.0,False,False,reportable
age_group,80+,calibration_slope,1012.0,53.0,100.0,True,2000.0,2000.0,0.0,False,True,below its pre-registered event floor
age_group,80+,net_benefit,1012.0,53.0,50.0,False,,,,False,False,reportable
age_group,80+,npv,1012.0,53.0,25.0,False,2000.0,2000.0,0.0,False,False,reportable
age_group,80+,ppv,1012.0,53.0,25.0,False,2000.0,2000.0,0.0,False,False,reportable
age_group,80+,prevalence,1012.0,53.0,,False,2000.0,2000.0,0.0,False,False,reportable
age_group,80+,sensitivity,1012.0,53.0,25.0,False,2000.0,2000.0,0.0,False,False,reportable
age_group,80+,specificity,1012.0,53.0,25.0,False,2000.0,2000.0,0.0,False,False,reportable
age_group,GAP,equal_opportunity_difference,,,25.0,True,2000.0,2000.0,0.0,False,True,"inherits the auroc event floor from its constituent subgroups (0-17), which fail it"
age_group,GAP,equalized_odds_gap,,,25.0,True,2000.0,2000.0,0.0,False,True,"inherits the auroc event floor from its constituent subgroups (0-17), which fail it"
age_group,GAP,max_hl_gap,,,,False,,,,False,False,reportable
age_group,GAP,max_intercept_gap,,,25.0,True,2000.0,2000.0,0.0,False,True,"inherits the calibration_intercept event floor from its constituent subgroups (0-17), which fail it"
age_group,GAP,max_net_benefit_gap,,,50.0,True,,,,False,True,"inherits the net_benefit event floor from its constituent subgroups (0-17, 18-44), which fail it"
age_group,GAP,max_slope_gap,,,100.0,True,2000.0,2000.0,0.0,False,True,"inherits the calibration_slope event floor from its constituent subgroups (0-17, 18-44, 80+), which fail it"
age_group,GAP,predictive_equality,,,25.0,True,2000.0,2000.0,0.0,False,True,"inherits the auroc event floor from its constituent subgroups (0-17), which fail it"
age_group,GAP,statistical_parity,,,25.0,True,2000.0,2000.0,0.0,False,True,"inherits the auroc event floor from its constituent subgroups (0-17), which fail it"
age_group,Overall,auprc,10719.0,504.0,25.0,False,2000.0,2000.0,0.0,False,False,reportable
age_group,Overall,auroc,10719.0,504.0,25.0,False,2000.0,2000.0,0.0,False,False,reportable
age_group,Overall,brier,10719.0,504.0,25.0,False,2000.0,2000.0,0.0,False,False,reportable
age_group,Overall,calibration_intercept,10719.0,504.0,25.0,False,2000.0,2000.0,0.0,False,False,reportable
age_group,Overall,calibration_slope,10719.0,504.0,100.0,False,2000.0,2000.0,0.0,False,False,reportable
age_group,Overall,net_benefit,10719.0,504.0,50.0,False,,,,False,False,reportable
age_group,Overall,npv,10719.0,504.0,25.0,False,2000.0,2000.0,0.0,False,False,reportable
age_group,Overall,ppv,10719.0,504.0,25.0,False,2000.0,2000.0,0.0,False,False,reportable
age_group,Overall,prevalence,10719.0,504.0,,False,2000.0,2000.0,0.0,False,False,reportable
age_group,Overall,sensitivity,10719.0,504.0,25.0,False,2000.0,2000.0,0.0,False,False,reportable
age_group,Overall,specificity,10719.0,504.0,25.0,False,2000.0,2000.0,0.0,False,False,reportable
age_group × frailty,0-17 / frail,auprc,211.0,19.0,25.0,True,2000.0,2000.0,0.0,False,True,below its pre-registered event floor
age_group × frailty,0-17 / frail,auroc,211.0,19.0,25.0,True,2000.0,2000.0,0.0,False,True,below its pre-registered event floor
age_group × frailty,0-17 / frail,brier,211.0,19.0,25.0,True,2000.0,2000.0,0.0,False,True,below its pre-registered event floor
age_group × frailty,0-17 / frail,calibration_intercept,211.0,19.0,25.0,True,2000.0,2000.0,0.0,False,True,below its pre-registered event floor
age_group × frailty,0-17 / frail,calibration_slope,211.0,19.0,100.0,True,2000.0,2000.0,0.0,False,True,below its pre-registered event floor
age_group × frailty,0-17 / frail,net_benefit,211.0,19.0,50.0,True,,,,False,True,below its pre-registered event floor
age_group × frailty,0-17 / frail,npv,211.0,19.0,25.0,True,2000.0,2000.0,0.0,False,True,below its pre-registered event floor
age_group × frailty,0-17 / frail,ppv,211.0,19.0,25.0,True,2000.0,2000.0,0.0,False,True,below its pre-registered event floor
age_group × frailty,0-17 / frail,prevalence,211.0,19.0,,False,2000.0,2000.0,0.0,False,False,reportable
age_group × frailty,0-17 / frail,sensitivity,211.0,19.0,25.0,True,2000.0,2000.0,0.0,False,True,below its pre-registered event floor
age_group × frailty,0-17 / frail,specificity,211.0,19.0,25.0,True,2000.0,2000.0,0.0,False,True,below its pre-registered event floor
age_group × frailty,0-17 / non_frail,auprc,45.0,0.0,25.0,True,2000.0,0.0,1.0,True,True,"below its event floor, and >10% of replicates non-estimable"
age_group × frailty,0-17 / non_frail,auroc,45.0,0.0,25.0,True,2000.0,0.0,1.0,True,True,"below its event floor, and >10% of replicates non-estimable"
age_group × frailty,0-17 / non_frail,brier,45.0,0.0,25.0,True,2000.0,2000.0,0.0,False,True,below its pre-registered event floor
age_group × frailty,0-17 / non_frail,calibration_intercept,45.0,0.0,25.0,True,2000.0,0.0,1.0,True,True,"below its event floor, and >10% of replicates non-estimable"
age_group × frailty,0-17 / non_frail,calibration_slope,45.0,0.0,100.0,True,2000.0,0.0,1.0,True,True,"below its event floor, and >10% of replicates non-estimable"
age_group × frailty,0-17 / non_frail,net_benefit,45.0,0.0,50.0,True,,,,False,True,below its pre-registered event floor
age_group × frailty,0-17 / non_frail,npv,45.0,0.0,25.0,True,2000.0,2000.0,0.0,False,True,below its pre-registered event floor
age_group × frailty,0-17 / non_frail,ppv,45.0,0.0,25.0,True,2000.0,2000.0,0.0,False,True,below its pre-registered event floor
age_group × frailty,0-17 / non_frail,prevalence,45.0,0.0,,False,2000.0,2000.0,0.0,False,False,reportable
age_group × frailty,0-17 / non_frail,sensitivity,45.0,0.0,25.0,True,2000.0,0.0,1.0,True,True,"below its event floor, and >10% of replicates non-estimable"
age_group × frailty,0-17 / non_frail,specificity,45.0,0.0,25.0,True,2000.0,2000.0,0.0,False,True,below its pre-registered event floor
age_group × frailty,0-17 / pre_frail,auprc,111.0,2.0,25.0,True,2000.0,1765.0,0.11750000000000005,True,True,"below its event floor, and >10% of replicates non-estimable"
age_group × frailty,0-17 / pre_frail,auroc,111.0,2.0,25.0,True,2000.0,1765.0,0.11750000000000005,True,True,"below its event floor, and >10% of replicates non-estimable"
age_group × frailty,0-17 / pre_frail,brier,111.0,2.0,25.0,True,2000.0,2000.0,0.0,False,True,below its pre-registered event floor
age_group × frailty,0-17 / pre_frail,calibration_intercept,111.0,2.0,25.0,True,2000.0,1765.0,0.11750000000000005,True,True,"below its event floor, and >10% of replicates non-estimable"
age_group × frailty,0-17 / pre_frail,calibration_slope,111.0,2.0,100.0,True,2000.0,1765.0,0.11750000000000005,True,True,"below its event floor, and >10% of replicates non-estimable"
age_group × frailty,0-17 / pre_frail,net_benefit,111.0,2.0,50.0,True,,,,False,True,below its pre-registered event floor
age_group × frailty,0-17 / pre_frail,npv,111.0,2.0,25.0,True,2000.0,2000.0,0.0,False,True,below its pre-registered event floor
age_group × frailty,0-17 / pre_frail,ppv,111.0,2.0,25.0,True,2000.0,2000.0,0.0,False,True,below its pre-registered event floor
age_group × frailty,0-17 / pre_frail,prevalence,111.0,2.0,,False,2000.0,2000.0,0.0,False,False,reportable
age_group × frailty,0-17 / pre_frail,sensitivity,111.0,2.0,25.0,True,2000.0,1765.0,0.11750000000000005,True,True,"below its event floor, and >10% of replicates non-estimable"
age_group × frailty,0-17 / pre_frail,specificity,111.0,2.0,25.0,True,2000.0,2000.0,0.0,False,True,below its pre-registered event floor
age_group × frailty,18-44 / frail,auprc,300.0,21.0,25.0,True,2000.0,2000.0,0.0,False,True,below its pre-registered event floor
age_group × frailty,18-44 / frail,auroc,300.0,21.0,25.0,True,2000.0,2000.0,0.0,False,True,below its pre-registered event floor
age_group × frailty,18-44 / frail,brier,300.0,21.0,25.0,True,2000.0,2000.0,0.0,False,True,below its pre-registered event floor
age_group × frailty,18-44 / frail,calibration_intercept,300.0,21.0,25.0,True,2000.0,2000.0,0.0,False,True,below its pre-registered event floor
age_group × frailty,18-44 / frail,calibration_slope,300.0,21.0,100.0,True,2000.0,2000.0,0.0,False,True,below its pre-registered event floor
age_group × frailty,18-44 / frail,net_benefit,300.0,21.0,50.0,True,,,,False,True,below its pre-registered event floor
age_group × frailty,18-44 / frail,npv,300.0,21.0,25.0,True,2000.0,2000.0,0.0,False,True,below its pre-registered event floor
age_group × frailty,18-44 / frail,ppv,300.0,21.0,25.0,True,2000.0,2000.0,0.0,False,True,below its pre-registered event floor
age_group × frailty,18-44 / frail,prevalence,300.0,21.0,,False,2000.0,2000.0,0.0,False,False,reportable
age_group × frailty,18-44 / frail,sensitivity,300.0,21.0,25.0,True,2000.0,2000.0,0.0,False,True,below its pre-registered event floor
age_group × frailty,18-44 / frail,specificity,300.0,21.0,25.0,True,2000.0,2000.0,0.0,False,True,below its pre-registered event floor
age_group × frailty,18-44 / non_frail,auprc,331.0,2.0,25.0,True,2000.0,1732.0,0.134,True,True,"below its event floor, and >10% of replicates non-estimable"
age_group × frailty,18-44 / non_frail,auroc,331.0,2.0,25.0,True,2000.0,1732.0,0.134,True,True,"below its event floor, and >10% of replicates non-estimable"
age_group × frailty,18-44 / non_frail,brier,331.0,2.0,25.0,True,2000.0,2000.0,0.0,False,True,below its pre-registered event floor
age_group × frailty,18-44 / non_frail,calibration_intercept,331.0,2.0,25.0,True,2000.0,1732.0,0.134,True,True,"below its event floor, and >10% of replicates non-estimable"
age_group × frailty,18-44 / non_frail,calibration_slope,331.0,2.0,100.0,True,2000.0,1732.0,0.134,True,True,"below its event floor, and >10% of replicates non-estimable"
age_group × frailty,18-44 / non_frail,net_benefit,331.0,2.0,50.0,True,,,,False,True,below its pre-registered event floor
age_group × frailty,18-44 / non_frail,npv,331.0,2.0,25.0,True,2000.0,2000.0,0.0,False,True,below its pre-registered event floor
age_group × frailty,18-44 / non_frail,ppv,331.0,2.0,25.0,True,2000.0,2000.0,0.0,False,True,below its pre-registered event floor
age_group × frailty,18-44 / non_frail,prevalence,331.0,2.0,,False,2000.0,2000.0,0.0,False,False,reportable
age_group × frailty,18-44 / non_frail,sensitivity,331.0,2.0,25.0,True,2000.0,1732.0,0.134,True,True,"below its event floor, and >10% of replicates non-estimable"
age_group × frailty,18-44 / non_frail,specificity,331.0,2.0,25.0,True,2000.0,2000.0,0.0,False,True,below its pre-registered event floor
age_group × frailty,18-44 / pre_frail,auprc,310.0,11.0,25.0,True,2000.0,2000.0,0.0,False,True,below its pre-registered event floor
age_group × frailty,18-44 / pre_frail,auroc,310.0,11.0,25.0,True,2000.0,2000.0,0.0,False,True,below its pre-registered event floor
age_group × frailty,18-44 / pre_frail,brier,310.0,11.0,25.0,True,2000.0,2000.0,0.0,False,True,below its pre-registered event floor
age_group × frailty,18-44 / pre_frail,calibration_intercept,310.0,11.0,25.0,True,2000.0,2000.0,0.0,False,True,below its pre-registered event floor
age_group × frailty,18-44 / pre_frail,calibration_slope,310.0,11.0,100.0,True,2000.0,2000.0,0.0,False,True,below its pre-registered event floor
age_group × frailty,18-44 / pre_frail,net_benefit,310.0,11.0,50.0,True,,,,False,True,below its pre-registered event floor
age_group × frailty,18-44 / pre_frail,npv,310.0,11.0,25.0,True,2000.0,2000.0,0.0,False,True,below its pre-registered event floor
age_group × frailty,18-44 / pre_frail,ppv,310.0,11.0,25.0,True,2000.0,2000.0,0.0,False,True,below its pre-registered event floor
age_group × frailty,18-44 / pre_frail,prevalence,310.0,11.0,,False,2000.0,2000.0,0.0,False,False,reportable
age_group × frailty,18-44 / pre_frail,sensitivity,310.0,11.0,25.0,True,2000.0,2000.0,0.0,False,True,below its pre-registered event floor
age_group × frailty,18-44 / pre_frail,specificity,310.0,11.0,25.0,True,2000.0,2000.0,0.0,False,True,below its pre-registered event floor
age_group × frailty,45-64 / frail,auprc,1967.0,111.0,25.0,False,2000.0,2000.0,0.0,False,False,reportable
age_group × frailty,45-64 / frail,auroc,1967.0,111.0,25.0,False,2000.0,2000.0,0.0,False,False,reportable
age_group × frailty,45-64 / frail,brier,1967.0,111.0,25.0,False,2000.0,2000.0,0.0,False,False,reportable
age_group × frailty,45-64 / frail,calibration_intercept,1967.0,111.0,25.0,False,2000.0,2000.0,0.0,False,False,reportable
age_group × frailty,45-64 / frail,calibration_slope,1967.0,111.0,100.0,False,2000.0,2000.0,0.0,False,False,reportable
age_group × frailty,45-64 / frail,net_benefit,1967.0,111.0,50.0,False,,,,False,False,reportable
age_group × frailty,45-64 / frail,npv,1967.0,111.0,25.0,False,2000.0,2000.0,0.0,False,False,reportable
age_group × frailty,45-64 / frail,ppv,1967.0,111.0,25.0,False,2000.0,2000.0,0.0,False,False,reportable
age_group × frailty,45-64 / frail,prevalence,1967.0,111.0,,False,2000.0,2000.0,0.0,False,False,reportable
age_group × frailty,45-64 / frail,sensitivity,1967.0,111.0,25.0,False,2000.0,2000.0,0.0,False,False,reportable
age_group × frailty,45-64 / frail,specificity,1967.0,111.0,25.0,False,2000.0,2000.0,0.0,False,False,reportable
age_group × frailty,45-64 / non_frail,auprc,410.0,3.0,25.0,True,2000.0,1923.0,0.03849999999999998,False,True,below its pre-registered event floor
age_group × frailty,45-64 / non_frail,auroc,410.0,3.0,25.0,True,2000.0,1923.0,0.03849999999999998,False,True,below its pre-registered event floor
age_group × frailty,45-64 / non_frail,brier,410.0,3.0,25.0,True,2000.0,2000.0,0.0,False,True,below its pre-registered event floor
age_group × frailty,45-64 / non_frail,calibration_intercept,410.0,3.0,25.0,True,2000.0,1923.0,0.03849999999999998,False,True,below its pre-registered event floor
age_group × frailty,45-64 / non_frail,calibration_slope,410.0,3.0,100.0,True,2000.0,1923.0,0.03849999999999998,False,True,below its pre-registered event floor
age_group × frailty,45-64 / non_frail,net_benefit,410.0,3.0,50.0,True,,,,False,True,below its pre-registered event floor
age_group × frailty,45-64 / non_frail,npv,410.0,3.0,25.0,True,2000.0,2000.0,0.0,False,True,below its pre-registered event floor
age_group × frailty,45-64 / non_frail,ppv,410.0,3.0,25.0,True,2000.0,2000.0,0.0,False,True,below its pre-registered event floor
age_group × frailty,45-64 / non_frail,prevalence,410.0,3.0,,False,2000.0,2000.0,0.0,False,False,reportable
age_group × frailty,45-64 / non_frail,sensitivity,410.0,3.0,25.0,True,2000.0,1923.0,0.03849999999999998,False,True,below its pre-registered event floor
age_group × frailty,45-64 / non_frail,specificity,410.0,3.0,25.0,True,2000.0,2000.0,0.0,False,True,below its pre-registered event floor
age_group × frailty,45-64 / pre_frail,auprc,1338.0,33.0,25.0,False,2000.0,2000.0,0.0,False,False,reportable
age_group × frailty,45-64 / pre_frail,auroc,1338.0,33.0,25.0,False,2000.0,2000.0,0.0,False,False,reportable
age_group × frailty,45-64 / pre_frail,brier,1338.0,33.0,25.0,False,2000.0,2000.0,0.0,False,False,reportable
age_group × frailty,45-64 / pre_frail,calibration_intercept,1338.0,33.0,25.0,False,2000.0,2000.0,0.0,False,False,reportable
age_group × frailty,45-64 / pre_frail,calibration_slope,1338.0,33.0,100.0,True,2000.0,2000.0,0.0,False,True,below its pre-registered event floor
age_group × frailty,45-64 / pre_frail,net_benefit,1338.0,33.0,50.0,True,,,,False,True,below its pre-registered event floor
age_group × frailty,45-64 / pre_frail,npv,1338.0,33.0,25.0,False,2000.0,2000.0,0.0,False,False,reportable
age_group × frailty,45-64 / pre_frail,ppv,1338.0,33.0,25.0,False,2000.0,2000.0,0.0,False,False,reportable
age_group × frailty,45-64 / pre_frail,prevalence,1338.0,33.0,,False,2000.0,2000.0,0.0,False,False,reportable
age_group × frailty,45-64 / pre_frail,sensitivity,1338.0,33.0,25.0,False,2000.0,2000.0,0.0,False,False,reportable
age_group × frailty,45-64 / pre_frail,specificity,1338.0,33.0,25.0,False,2000.0,2000.0,0.0,False,False,reportable
age_group × frailty,65-79 / frail,auprc,3032.0,204.0,25.0,False,2000.0,2000.0,0.0,False,False,reportable
age_group × frailty,65-79 / frail,auroc,3032.0,204.0,25.0,False,2000.0,2000.0,0.0,False,False,reportable
age_group × frailty,65-79 / frail,brier,3032.0,204.0,25.0,False,2000.0,2000.0,0.0,False,False,reportable
age_group × frailty,65-79 / frail,calibration_intercept,3032.0,204.0,25.0,False,2000.0,2000.0,0.0,False,False,reportable
age_group × frailty,65-79 / frail,calibration_slope,3032.0,204.0,100.0,False,2000.0,2000.0,0.0,False,False,reportable
age_group × frailty,65-79 / frail,net_benefit,3032.0,204.0,50.0,False,,,,False,False,reportable
age_group × frailty,65-79 / frail,npv,3032.0,204.0,25.0,False,2000.0,2000.0,0.0,False,False,reportable
age_group × frailty,65-79 / frail,ppv,3032.0,204.0,25.0,False,2000.0,2000.0,0.0,False,False,reportable
age_group × frailty,65-79 / frail,prevalence,3032.0,204.0,,False,2000.0,2000.0,0.0,False,False,reportable
age_group × frailty,65-79 / frail,sensitivity,3032.0,204.0,25.0,False,2000.0,2000.0,0.0,False,False,reportable
age_group × frailty,65-79 / frail,specificity,3032.0,204.0,25.0,False,2000.0,2000.0,0.0,False,False,reportable
age_group × frailty,65-79 / non_frail,auprc,218.0,1.0,25.0,True,2000.0,1239.0,0.38049999999999995,True,True,"below its event floor, and >10% of replicates non-estimable"
age_group × frailty,65-79 / non_frail,auroc,218.0,1.0,25.0,True,2000.0,1239.0,0.38049999999999995,True,True,"below its event floor, and >10% of replicates non-estimable"
age_group × frailty,65-79 / non_frail,brier,218.0,1.0,25.0,True,2000.0,2000.0,0.0,False,True,below its pre-registered event floor
age_group × frailty,65-79 / non_frail,calibration_intercept,218.0,1.0,25.0,True,2000.0,1239.0,0.38049999999999995,True,True,"below its event floor, and >10% of replicates non-estimable"
age_group × frailty,65-79 / non_frail,calibration_slope,218.0,1.0,100.0,True,2000.0,1239.0,0.38049999999999995,True,True,"below its event floor, and >10% of replicates non-estimable"
age_group × frailty,65-79 / non_frail,net_benefit,218.0,1.0,50.0,True,,,,False,True,below its pre-registered event floor
age_group × frailty,65-79 / non_frail,npv,218.0,1.0,25.0,True,2000.0,2000.0,0.0,False,True,below its pre-registered event floor
age_group × frailty,65-79 / non_frail,ppv,218.0,1.0,25.0,True,2000.0,2000.0,0.0,False,True,below its pre-registered event floor
age_group × frailty,65-79 / non_frail,prevalence,218.0,1.0,,False,2000.0,2000.0,0.0,False,False,reportable
age_group × frailty,65-79 / non_frail,sensitivity,218.0,1.0,25.0,True,2000.0,1239.0,0.38049999999999995,True,True,"below its event floor, and >10% of replicates non-estimable"
age_group × frailty,65-79 / non_frail,specificity,218.0,1.0,25.0,True,2000.0,2000.0,0.0,False,True,below its pre-registered event floor
age_group × frailty,65-79 / pre_frail,auprc,1434.0,44.0,25.0,False,2000.0,2000.0,0.0,False,False,reportable
age_group × frailty,65-79 / pre_frail,auroc,1434.0,44.0,25.0,False,2000.0,2000.0,0.0,False,False,reportable
age_group × frailty,65-79 / pre_frail,brier,1434.0,44.0,25.0,False,2000.0,2000.0,0.0,False,False,reportable
age_group × frailty,65-79 / pre_frail,calibration_intercept,1434.0,44.0,25.0,False,2000.0,2000.0,0.0,False,False,reportable
age_group × frailty,65-79 / pre_frail,calibration_slope,1434.0,44.0,100.0,True,2000.0,2000.0,0.0,False,True,below its pre-registered event floor
age_group × frailty,65-79 / pre_frail,net_benefit,1434.0,44.0,50.0,True,,,,False,True,below its pre-registered event floor
age_group × frailty,65-79 / pre_frail,npv,1434.0,44.0,25.0,False,2000.0,2000.0,0.0,False,False,reportable
age_group × frailty,65-79 / pre_frail,ppv,1434.0,44.0,25.0,False,2000.0,2000.0,0.0,False,False,reportable
age_group × frailty,65-79 / pre_frail,prevalence,1434.0,44.0,,False,2000.0,2000.0,0.0,False,False,reportable
age_group × frailty,65-79 / pre_frail,sensitivity,1434.0,44.0,25.0,False,2000.0,2000.0,0.0,False,False,reportable
age_group × frailty,65-79 / pre_frail,specificity,1434.0,44.0,25.0,False,2000.0,2000.0,0.0,False,False,reportable
age_group × frailty,80+ / frail,auprc,629.0,45.0,25.0,False,2000.0,2000.0,0.0,False,False,reportable
age_group × frailty,80+ / frail,auroc,629.0,45.0,25.0,False,2000.0,2000.0,0.0,False,False,reportable
age_group × frailty,80+ / frail,brier,629.0,45.0,25.0,False,2000.0,2000.0,0.0,False,False,reportable
age_group × frailty,80+ / frail,calibration_intercept,629.0,45.0,25.0,False,2000.0,2000.0,0.0,False,False,reportable
age_group × frailty,80+ / frail,calibration_slope,629.0,45.0,100.0,True,2000.0,2000.0,0.0,False,True,below its pre-registered event floor
age_group × frailty,80+ / frail,net_benefit,629.0,45.0,50.0,True,,,,False,True,below its pre-registered event floor
age_group × frailty,80+ / frail,npv,629.0,45.0,25.0,False,2000.0,2000.0,0.0,False,False,reportable
age_group × frailty,80+ / frail,ppv,629.0,45.0,25.0,False,2000.0,2000.0,0.0,False,False,reportable
age_group × frailty,80+ / frail,prevalence,629.0,45.0,,False,2000.0,2000.0,0.0,False,False,reportable
age_group × frailty,80+ / frail,sensitivity,629.0,45.0,25.0,False,2000.0,2000.0,0.0,False,False,reportable
age_group × frailty,80+ / frail,specificity,629.0,45.0,25.0,False,2000.0,2000.0,0.0,False,False,reportable
age_group × frailty,80+ / non_frail,auprc,18.0,0.0,25.0,True,2000.0,0.0,1.0,True,True,"below its event floor, and >10% of replicates non-estimable"
age_group × frailty,80+ / non_frail,auroc,18.0,0.0,25.0,True,2000.0,0.0,1.0,True,True,"below its event floor, and >10% of replicates non-estimable"
age_group × frailty,80+ / non_frail,brier,18.0,0.0,25.0,True,2000.0,2000.0,0.0,False,True,below its pre-registered event floor
age_group × frailty,80+ / non_frail,calibration_intercept,18.0,0.0,25.0,True,2000.0,0.0,1.0,True,True,"below its event floor, and >10% of replicates non-estimable"
age_group × frailty,80+ / non_frail,calibration_slope,18.0,0.0,100.0,True,2000.0,0.0,1.0,True,True,"below its event floor, and >10% of replicates non-estimable"
age_group × frailty,80+ / non_frail,net_benefit,18.0,0.0,50.0,True,,,,False,True,below its pre-registered event floor
age_group × frailty,80+ / non_frail,npv,18.0,0.0,25.0,True,2000.0,2000.0,0.0,False,True,below its pre-registered event floor
age_group × frailty,80+ / non_frail,ppv,18.0,0.0,25.0,True,2000.0,1998.0,0.0010000000000000009,False,True,below its pre-registered event floor
age_group × frailty,80+ / non_frail,prevalence,18.0,0.0,,False,2000.0,2000.0,0.0,False,False,reportable
age_group × frailty,80+ / non_frail,sensitivity,18.0,0.0,25.0,True,2000.0,0.0,1.0,True,True,"below its event floor, and >10% of replicates non-estimable"
age_group × frailty,80+ / non_frail,specificity,18.0,0.0,25.0,True,2000.0,2000.0,0.0,False,True,below its pre-registered event floor
age_group × frailty,80+ / pre_frail,auprc,365.0,8.0,25.0,True,2000.0,2000.0,0.0,False,True,below its pre-registered event floor
age_group × frailty,80+ / pre_frail,auroc,365.0,8.0,25.0,True,2000.0,2000.0,0.0,False,True,below its pre-registered event floor
age_group × frailty,80+ / pre_frail,brier,365.0,8.0,25.0,True,2000.0,2000.0,0.0,False,True,below its pre-registered event floor
age_group × frailty,80+ / pre_frail,calibration_intercept,365.0,8.0,25.0,True,2000.0,2000.0,0.0,False,True,below its pre-registered event floor
age_group × frailty,80+ / pre_frail,calibration_slope,365.0,8.0,100.0,True,2000.0,2000.0,0.0,False,True,below its pre-registered event floor
age_group × frailty,80+ / pre_frail,net_benefit,365.0,8.0,50.0,True,,,,False,True,below its pre-registered event floor
age_group × frailty,80+ / pre_frail,npv,365.0,8.0,25.0,True,2000.0,2000.0,0.0,False,True,below its pre-registered event floor
age_group × frailty,80+ / pre_frail,ppv,365.0,8.0,25.0,True,2000.0,2000.0,0.0,False,True,below its pre-registered event floor
age_group × frailty,80+ / pre_frail,prevalence,365.0,8.0,,False,2000.0,2000.0,0.0,False,False,reportable
age_group × frailty,80+ / pre_frail,sensitivity,365.0,8.0,25.0,True,2000.0,2000.0,0.0,False,True,below its pre-registered event floor
age_group × frailty,80+ / pre_frail,specificity,365.0,8.0,25.0,True,2000.0,2000.0,0.0,False,True,below its pre-registered event floor
age_group × frailty,GAP,equal_opportunity_difference,,,25.0,True,2000.0,2000.0,0.0,False,True,"inherits the auroc event floor from its constituent subgroups (0-17 / frail, 0-17 / non_frail, 0-17 / pre_frail, 18-44 / frail, 18-44 / non_frail, 18-44 / pre_frail, 45-64 / non_frail, 65-79 / non_frail, 80+ / non_frail, 80+ / pre_frail), which fail it"
age_group × frailty,GAP,equalized_odds_gap,,,25.0,True,2000.0,2000.0,0.0,False,True,"inherits the auroc event floor from its constituent subgroups (0-17 / frail, 0-17 / non_frail, 0-17 / pre_frail, 18-44 / frail, 18-44 / non_frail, 18-44 / pre_frail, 45-64 / non_frail, 65-79 / non_frail, 80+ / non_frail, 80+ / pre_frail), which fail it"
age_group × frailty,GAP,max_hl_gap,,,,False,,,,False,False,reportable
age_group × frailty,GAP,max_intercept_gap,,,25.0,True,2000.0,2000.0,0.0,False,True,"inherits the calibration_intercept event floor from its constituent subgroups (0-17 / frail, 0-17 / non_frail, 0-17 / pre_frail, 18-44 / frail, 18-44 / non_frail, 18-44 / pre_frail, 45-64 / non_frail, 65-79 / non_frail, 80+ / non_frail, 80+ / pre_frail), which fail it"
age_group × frailty,GAP,max_net_benefit_gap,,,50.0,True,,,,False,True,"inherits the net_benefit event floor from its constituent subgroups (0-17 / frail, 0-17 / non_frail, 0-17 / pre_frail, 18-44 / frail, 18-44 / non_frail, 18-44 / pre_frail, 45-64 / non_frail, 45-64 / pre_frail, 65-79 / non_frail, 65-79 / pre_frail, 80+ / frail, 80+ / non_frail, 80+ / pre_frail), which fail it"
age_group × frailty,GAP,max_slope_gap,,,100.0,True,2000.0,2000.0,0.0,False,True,"inherits the calibration_slope event floor from its constituent subgroups (0-17 / frail, 0-17 / non_frail, 0-17 / pre_frail, 18-44 / frail, 18-44 / non_frail, 18-44 / pre_frail, 45-64 / non_frail, 45-64 / pre_frail, 65-79 / non_frail, 65-79 / pre_frail, 80+ / frail, 80+ / non_frail, 80+ / pre_frail), which fail it"
age_group × frailty,GAP,predictive_equality,,,25.0,True,2000.0,2000.0,0.0,False,True,"inherits the auroc event floor from its constituent subgroups (0-17 / frail, 0-17 / non_frail, 0-17 / pre_frail, 18-44 / frail, 18-44 / non_frail, 18-44 / pre_frail, 45-64 / non_frail, 65-79 / non_frail, 80+ / non_frail, 80+ / pre_frail), which fail it"
age_group × frailty,GAP,statistical_parity,,,25.0,True,2000.0,2000.0,0.0,False,True,"inherits the auroc event floor from its constituent subgroups (0-17 / frail, 0-17 / non_frail, 0-17 / pre_frail, 18-44 / frail, 18-44 / non_frail, 18-44 / pre_frail, 45-64 / non_frail, 65-79 / non_frail, 80+ / non_frail, 80+ / pre_frail), which fail it"
age_group × frailty,Overall,auprc,10719.0,504.0,25.0,False,2000.0,2000.0,0.0,False,False,reportable
age_group × frailty,Overall,auroc,10719.0,504.0,25.0,False,2000.0,2000.0,0.0,False,False,reportable
age_group × frailty,Overall,brier,10719.0,504.0,25.0,False,2000.0,2000.0,0.0,False,False,reportable
age_group × frailty,Overall,calibration_intercept,10719.0,504.0,25.0,False,2000.0,2000.0,0.0,False,False,reportable
age_group × frailty,Overall,calibration_slope,10719.0,504.0,100.0,False,2000.0,2000.0,0.0,False,False,reportable
age_group × frailty,Overall,net_benefit,10719.0,504.0,50.0,False,,,,False,False,reportable
age_group × frailty,Overall,npv,10719.0,504.0,25.0,False,2000.0,2000.0,0.0,False,False,reportable
age_group × frailty,Overall,ppv,10719.0,504.0,25.0,False,2000.0,2000.0,0.0,False,False,reportable
age_group × frailty,Overall,prevalence,10719.0,504.0,,False,2000.0,2000.0,0.0,False,False,reportable
age_group × frailty,Overall,sensitivity,10719.0,504.0,25.0,False,2000.0,2000.0,0.0,False,False,reportable
age_group × frailty,Overall,specificity,10719.0,504.0,25.0,False,2000.0,2000.0,0.0,False,False,reportable
clinic,GAP,equal_opportunity_difference,,,25.0,True,2000.0,2000.0,0.0,False,True,"inherits the auroc event floor from its constituent subgroups (ORL, gynecology, pediatric, thoracic, urology), which fail it"
clinic,GAP,equalized_odds_gap,,,25.0,True,2000.0,2000.0,0.0,False,True,"inherits the auroc event floor from its constituent subgroups (ORL, gynecology, pediatric, thoracic, urology), which fail it"
clinic,GAP,max_hl_gap,,,,False,,,,False,False,reportable
clinic,GAP,max_intercept_gap,,,25.0,True,2000.0,2000.0,0.0,False,True,"inherits the calibration_intercept event floor from its constituent subgroups (ORL, gynecology, pediatric, thoracic, urology), which fail it"
clinic,GAP,max_net_benefit_gap,,,50.0,True,,,,False,True,"inherits the net_benefit event floor from its constituent subgroups (ORL, gynecology, neuro, pediatric, thoracic, urology), which fail it"
clinic,GAP,max_slope_gap,,,100.0,True,2000.0,2000.0,0.0,False,True,"inherits the calibration_slope event floor from its constituent subgroups (ORL, gynecology, neuro, ortho, pediatric, thoracic, urology), which fail it"
clinic,GAP,predictive_equality,,,25.0,True,2000.0,2000.0,0.0,False,True,"inherits the auroc event floor from its constituent subgroups (ORL, gynecology, pediatric, thoracic, urology), which fail it"
clinic,GAP,statistical_parity,,,25.0,True,2000.0,2000.0,0.0,False,True,"inherits the auroc event floor from its constituent subgroups (ORL, gynecology, pediatric, thoracic, urology), which fail it"
clinic,ORL,auprc,233.0,15.0,25.0,True,2000.0,2000.0,0.0,False,True,below its pre-registered event floor
clinic,ORL,auroc,233.0,15.0,25.0,True,2000.0,2000.0,0.0,False,True,below its pre-registered event floor
clinic,ORL,brier,233.0,15.0,25.0,True,2000.0,2000.0,0.0,False,True,below its pre-registered event floor
clinic,ORL,calibration_intercept,233.0,15.0,25.0,True,2000.0,2000.0,0.0,False,True,below its pre-registered event floor
clinic,ORL,calibration_slope,233.0,15.0,100.0,True,2000.0,2000.0,0.0,False,True,below its pre-registered event floor
clinic,ORL,net_benefit,233.0,15.0,50.0,True,,,,False,True,below its pre-registered event floor
clinic,ORL,npv,233.0,15.0,25.0,True,2000.0,2000.0,0.0,False,True,below its pre-registered event floor
clinic,ORL,ppv,233.0,15.0,25.0,True,2000.0,2000.0,0.0,False,True,below its pre-registered event floor
clinic,ORL,prevalence,233.0,15.0,,False,2000.0,2000.0,0.0,False,False,reportable
clinic,ORL,sensitivity,233.0,15.0,25.0,True,2000.0,2000.0,0.0,False,True,below its pre-registered event floor
clinic,ORL,specificity,233.0,15.0,25.0,True,2000.0,2000.0,0.0,False,True,below its pre-registered event floor
clinic,Overall,auprc,10719.0,504.0,25.0,False,2000.0,2000.0,0.0,False,False,reportable
clinic,Overall,auroc,10719.0,504.0,25.0,False,2000.0,2000.0,0.0,False,False,reportable
clinic,Overall,brier,10719.0,504.0,25.0,False,2000.0,2000.0,0.0,False,False,reportable
clinic,Overall,calibration_intercept,10719.0,504.0,25.0,False,2000.0,2000.0,0.0,False,False,reportable
clinic,Overall,calibration_slope,10719.0,504.0,100.0,False,2000.0,2000.0,0.0,False,False,reportable
clinic,Overall,net_benefit,10719.0,504.0,50.0,False,,,,False,False,reportable
clinic,Overall,npv,10719.0,504.0,25.0,False,2000.0,2000.0,0.0,False,False,reportable
clinic,Overall,ppv,10719.0,504.0,25.0,False,2000.0,2000.0,0.0,False,False,reportable
clinic,Overall,prevalence,10719.0,504.0,,False,2000.0,2000.0,0.0,False,False,reportable
clinic,Overall,sensitivity,10719.0,504.0,25.0,False,2000.0,2000.0,0.0,False,False,reportable
clinic,Overall,specificity,10719.0,504.0,25.0,False,2000.0,2000.0,0.0,False,False,reportable
clinic,gynecology,auprc,452.0,24.0,25.0,True,2000.0,2000.0,0.0,False,True,below its pre-registered event floor
clinic,gynecology,auroc,452.0,24.0,25.0,True,2000.0,2000.0,0.0,False,True,below its pre-registered event floor
clinic,gynecology,brier,452.0,24.0,25.0,True,2000.0,2000.0,0.0,False,True,below its pre-registered event floor
clinic,gynecology,calibration_intercept,452.0,24.0,25.0,True,2000.0,2000.0,0.0,False,True,below its pre-registered event floor
clinic,gynecology,calibration_slope,452.0,24.0,100.0,True,2000.0,2000.0,0.0,False,True,below its pre-registered event floor
clinic,gynecology,net_benefit,452.0,24.0,50.0,True,,,,False,True,below its pre-registered event floor
clinic,gynecology,npv,452.0,24.0,25.0,True,2000.0,2000.0,0.0,False,True,below its pre-registered event floor
clinic,gynecology,ppv,452.0,24.0,25.0,True,2000.0,2000.0,0.0,False,True,below its pre-registered event floor
clinic,gynecology,prevalence,452.0,24.0,,False,2000.0,2000.0,0.0,False,False,reportable
clinic,gynecology,sensitivity,452.0,24.0,25.0,True,2000.0,2000.0,0.0,False,True,below its pre-registered event floor
clinic,gynecology,specificity,452.0,24.0,25.0,True,2000.0,2000.0,0.0,False,True,below its pre-registered event floor
clinic,neuro,auprc,1117.0,26.0,25.0,False,2000.0,2000.0,0.0,False,False,reportable
clinic,neuro,auroc,1117.0,26.0,25.0,False,2000.0,2000.0,0.0,False,False,reportable
clinic,neuro,brier,1117.0,26.0,25.0,False,2000.0,2000.0,0.0,False,False,reportable
clinic,neuro,calibration_intercept,1117.0,26.0,25.0,False,2000.0,2000.0,0.0,False,False,reportable
clinic,neuro,calibration_slope,1117.0,26.0,100.0,True,2000.0,2000.0,0.0,False,True,below its pre-registered event floor
clinic,neuro,net_benefit,1117.0,26.0,50.0,True,,,,False,True,below its pre-registered event floor
clinic,neuro,npv,1117.0,26.0,25.0,False,2000.0,2000.0,0.0,False,False,reportable
clinic,neuro,ppv,1117.0,26.0,25.0,False,2000.0,2000.0,0.0,False,False,reportable
clinic,neuro,prevalence,1117.0,26.0,,False,2000.0,2000.0,0.0,False,False,reportable
clinic,neuro,sensitivity,1117.0,26.0,25.0,False,2000.0,2000.0,0.0,False,False,reportable
clinic,neuro,specificity,1117.0,26.0,25.0,False,2000.0,2000.0,0.0,False,False,reportable
clinic,ortho,auprc,1690.0,76.0,25.0,False,2000.0,2000.0,0.0,False,False,reportable
clinic,ortho,auroc,1690.0,76.0,25.0,False,2000.0,2000.0,0.0,False,False,reportable
clinic,ortho,brier,1690.0,76.0,25.0,False,2000.0,2000.0,0.0,False,False,reportable
clinic,ortho,calibration_intercept,1690.0,76.0,25.0,False,2000.0,2000.0,0.0,False,False,reportable
clinic,ortho,calibration_slope,1690.0,76.0,100.0,True,2000.0,2000.0,0.0,False,True,below its pre-registered event floor
clinic,ortho,net_benefit,1690.0,76.0,50.0,False,,,,False,False,reportable
clinic,ortho,npv,1690.0,76.0,25.0,False,2000.0,2000.0,0.0,False,False,reportable
clinic,ortho,ppv,1690.0,76.0,25.0,False,2000.0,2000.0,0.0,False,False,reportable
clinic,ortho,prevalence,1690.0,76.0,,False,2000.0,2000.0,0.0,False,False,reportable
clinic,ortho,sensitivity,1690.0,76.0,25.0,False,2000.0,2000.0,0.0,False,False,reportable
clinic,ortho,specificity,1690.0,76.0,25.0,False,2000.0,2000.0,0.0,False,False,reportable
clinic,pediatric,auprc,65.0,3.0,25.0,True,2000.0,1900.0,0.050000000000000044,False,True,below its pre-registered event floor
clinic,pediatric,auroc,65.0,3.0,25.0,True,2000.0,1900.0,0.050000000000000044,False,True,below its pre-registered event floor
clinic,pediatric,brier,65.0,3.0,25.0,True,2000.0,2000.0,0.0,False,True,below its pre-registered event floor
clinic,pediatric,calibration_intercept,65.0,3.0,25.0,True,2000.0,1900.0,0.050000000000000044,False,True,below its pre-registered event floor
clinic,pediatric,calibration_slope,65.0,3.0,100.0,True,2000.0,1900.0,0.050000000000000044,False,True,below its pre-registered event floor
clinic,pediatric,net_benefit,65.0,3.0,50.0,True,,,,False,True,below its pre-registered event floor
clinic,pediatric,npv,65.0,3.0,25.0,True,2000.0,2000.0,0.0,False,True,below its pre-registered event floor
clinic,pediatric,ppv,65.0,3.0,25.0,True,2000.0,2000.0,0.0,False,True,below its pre-registered event floor
clinic,pediatric,prevalence,65.0,3.0,,False,2000.0,2000.0,0.0,False,False,reportable
clinic,pediatric,sensitivity,65.0,3.0,25.0,True,2000.0,1900.0,0.050000000000000044,False,True,below its pre-registered event floor
clinic,pediatric,specificity,65.0,3.0,25.0,True,2000.0,2000.0,0.0,False,True,below its pre-registered event floor
clinic,thoracic,auprc,723.0,14.0,25.0,True,2000.0,2000.0,0.0,False,True,below its pre-registered event floor
clinic,thoracic,auroc,723.0,14.0,25.0,True,2000.0,2000.0,0.0,False,True,below its pre-registered event floor
clinic,thoracic,brier,723.0,14.0,25.0,True,2000.0,2000.0,0.0,False,True,below its pre-registered event floor
clinic,thoracic,calibration_intercept,723.0,14.0,25.0,True,2000.0,2000.0,0.0,False,True,below its pre-registered event floor
clinic,thoracic,calibration_slope,723.0,14.0,100.0,True,2000.0,2000.0,0.0,False,True,below its pre-registered event floor
clinic,thoracic,net_benefit,723.0,14.0,50.0,True,,,,False,True,below its pre-registered event floor
clinic,thoracic,npv,723.0,14.0,25.0,True,2000.0,2000.0,0.0,False,True,below its pre-registered event floor
clinic,thoracic,ppv,723.0,14.0,25.0,True,2000.0,2000.0,0.0,False,True,below its pre-registered event floor
clinic,thoracic,prevalence,723.0,14.0,,False,2000.0,2000.0,0.0,False,False,reportable
clinic,thoracic,sensitivity,723.0,14.0,25.0,True,2000.0,2000.0,0.0,False,True,below its pre-registered event floor
clinic,thoracic,specificity,723.0,14.0,25.0,True,2000.0,2000.0,0.0,False,True,below its pre-registered event floor
clinic,urology,auprc,349.0,19.0,25.0,True,2000.0,2000.0,0.0,False,True,below its pre-registered event floor
clinic,urology,auroc,349.0,19.0,25.0,True,2000.0,2000.0,0.0,False,True,below its pre-registered event floor
clinic,urology,brier,349.0,19.0,25.0,True,2000.0,2000.0,0.0,False,True,below its pre-registered event floor
clinic,urology,calibration_intercept,349.0,19.0,25.0,True,2000.0,2000.0,0.0,False,True,below its pre-registered event floor
clinic,urology,calibration_slope,349.0,19.0,100.0,True,2000.0,2000.0,0.0,False,True,below its pre-registered event floor
clinic,urology,net_benefit,349.0,19.0,50.0,True,,,,False,True,below its pre-registered event floor
clinic,urology,npv,349.0,19.0,25.0,True,2000.0,2000.0,0.0,False,True,below its pre-registered event floor
clinic,urology,ppv,349.0,19.0,25.0,True,2000.0,2000.0,0.0,False,True,below its pre-registered event floor
clinic,urology,prevalence,349.0,19.0,,False,2000.0,2000.0,0.0,False,False,reportable
clinic,urology,sensitivity,349.0,19.0,25.0,True,2000.0,2000.0,0.0,False,True,below its pre-registered event floor
clinic,urology,specificity,349.0,19.0,25.0,True,2000.0,2000.0,0.0,False,True,below its pre-registered event floor
clinic,vascular,auprc,4852.0,184.0,25.0,False,2000.0,2000.0,0.0,False,False,reportable
clinic,vascular,auroc,4852.0,184.0,25.0,False,2000.0,2000.0,0.0,False,False,reportable
clinic,vascular,brier,4852.0,184.0,25.0,False,2000.0,2000.0,0.0,False,False,reportable
clinic,vascular,calibration_intercept,4852.0,184.0,25.0,False,2000.0,2000.0,0.0,False,False,reportable
clinic,vascular,calibration_slope,4852.0,184.0,100.0,False,2000.0,2000.0,0.0,False,False,reportable
clinic,vascular,net_benefit,4852.0,184.0,50.0,False,,,,False,False,reportable
clinic,vascular,npv,4852.0,184.0,25.0,False,2000.0,2000.0,0.0,False,False,reportable
clinic,vascular,ppv,4852.0,184.0,25.0,False,2000.0,2000.0,0.0,False,False,reportable
clinic,vascular,prevalence,4852.0,184.0,,False,2000.0,2000.0,0.0,False,False,reportable
clinic,vascular,sensitivity,4852.0,184.0,25.0,False,2000.0,2000.0,0.0,False,False,reportable
clinic,vascular,specificity,4852.0,184.0,25.0,False,2000.0,2000.0,0.0,False,False,reportable
clinic,visceral,auprc,1238.0,143.0,25.0,False,2000.0,2000.0,0.0,False,False,reportable
clinic,visceral,auroc,1238.0,143.0,25.0,False,2000.0,2000.0,0.0,False,False,reportable
clinic,visceral,brier,1238.0,143.0,25.0,False,2000.0,2000.0,0.0,False,False,reportable
clinic,visceral,calibration_intercept,1238.0,143.0,25.0,False,2000.0,2000.0,0.0,False,False,reportable
clinic,visceral,calibration_slope,1238.0,143.0,100.0,False,2000.0,2000.0,0.0,False,False,reportable
clinic,visceral,net_benefit,1238.0,143.0,50.0,False,,,,False,False,reportable
clinic,visceral,npv,1238.0,143.0,25.0,False,2000.0,2000.0,0.0,False,False,reportable
clinic,visceral,ppv,1238.0,143.0,25.0,False,2000.0,2000.0,0.0,False,False,reportable
clinic,visceral,prevalence,1238.0,143.0,,False,2000.0,2000.0,0.0,False,False,reportable
clinic,visceral,sensitivity,1238.0,143.0,25.0,False,2000.0,2000.0,0.0,False,False,reportable
clinic,visceral,specificity,1238.0,143.0,25.0,False,2000.0,2000.0,0.0,False,False,reportable
emergency,GAP,equal_opportunity_difference,,,,False,2000.0,2000.0,0.0,False,False,reportable
emergency,GAP,equalized_odds_gap,,,,False,2000.0,2000.0,0.0,False,False,reportable
emergency,GAP,max_hl_gap,,,,False,,,,False,False,reportable
emergency,GAP,max_intercept_gap,,,,False,2000.0,2000.0,0.0,False,False,reportable
emergency,GAP,max_net_benefit_gap,,,,False,,,,False,False,reportable
emergency,GAP,max_slope_gap,,,,False,2000.0,2000.0,0.0,False,False,reportable
emergency,GAP,predictive_equality,,,,False,2000.0,2000.0,0.0,False,False,reportable
emergency,GAP,statistical_parity,,,,False,2000.0,2000.0,0.0,False,False,reportable
emergency,Overall,auprc,10719.0,504.0,25.0,False,2000.0,2000.0,0.0,False,False,reportable
emergency,Overall,auroc,10719.0,504.0,25.0,False,2000.0,2000.0,0.0,False,False,reportable
emergency,Overall,brier,10719.0,504.0,25.0,False,2000.0,2000.0,0.0,False,False,reportable
emergency,Overall,calibration_intercept,10719.0,504.0,25.0,False,2000.0,2000.0,0.0,False,False,reportable
emergency,Overall,calibration_slope,10719.0,504.0,100.0,False,2000.0,2000.0,0.0,False,False,reportable
emergency,Overall,net_benefit,10719.0,504.0,50.0,False,,,,False,False,reportable
emergency,Overall,npv,10719.0,504.0,25.0,False,2000.0,2000.0,0.0,False,False,reportable
emergency,Overall,ppv,10719.0,504.0,25.0,False,2000.0,2000.0,0.0,False,False,reportable
emergency,Overall,prevalence,10719.0,504.0,,False,2000.0,2000.0,0.0,False,False,reportable
emergency,Overall,sensitivity,10719.0,504.0,25.0,False,2000.0,2000.0,0.0,False,False,reportable
emergency,Overall,specificity,10719.0,504.0,25.0,False,2000.0,2000.0,0.0,False,False,reportable
emergency,elective,auprc,9250.0,316.0,25.0,False,2000.0,2000.0,0.0,False,False,reportable
emergency,elective,auroc,9250.0,316.0,25.0,False,2000.0,2000.0,0.0,False,False,reportable
emergency,elective,brier,9250.0,316.0,25.0,False,2000.0,2000.0,0.0,False,False,reportable
emergency,elective,calibration_intercept,9250.0,316.0,25.0,False,2000.0,2000.0,0.0,False,False,reportable
emergency,elective,calibration_slope,9250.0,316.0,100.0,False,2000.0,2000.0,0.0,False,False,reportable
emergency,elective,net_benefit,9250.0,316.0,50.0,False,,,,False,False,reportable
emergency,elective,npv,9250.0,316.0,25.0,False,2000.0,2000.0,0.0,False,False,reportable
emergency,elective,ppv,9250.0,316.0,25.0,False,2000.0,2000.0,0.0,False,False,reportable
emergency,elective,prevalence,9250.0,316.0,,False,2000.0,2000.0,0.0,False,False,reportable
emergency,elective,sensitivity,9250.0,316.0,25.0,False,2000.0,2000.0,0.0,False,False,reportable
emergency,elective,specificity,9250.0,316.0,25.0,False,2000.0,2000.0,0.0,False,False,reportable
emergency,emergency,auprc,1469.0,188.0,25.0,False,2000.0,2000.0,0.0,False,False,reportable
emergency,emergency,auroc,1469.0,188.0,25.0,False,2000.0,2000.0,0.0,False,False,reportable
emergency,emergency,brier,1469.0,188.0,25.0,False,2000.0,2000.0,0.0,False,False,reportable
emergency,emergency,calibration_intercept,1469.0,188.0,25.0,False,2000.0,2000.0,0.0,False,False,reportable
emergency,emergency,calibration_slope,1469.0,188.0,100.0,False,2000.0,2000.0,0.0,False,False,reportable
emergency,emergency,net_benefit,1469.0,188.0,50.0,False,,,,False,False,reportable
emergency,emergency,npv,1469.0,188.0,25.0,False,2000.0,2000.0,0.0,False,False,reportable
emergency,emergency,ppv,1469.0,188.0,25.0,False,2000.0,2000.0,0.0,False,False,reportable
emergency,emergency,prevalence,1469.0,188.0,,False,2000.0,2000.0,0.0,False,False,reportable
emergency,emergency,sensitivity,1469.0,188.0,25.0,False,2000.0,2000.0,0.0,False,False,reportable
emergency,emergency,specificity,1469.0,188.0,25.0,False,2000.0,2000.0,0.0,False,False,reportable
frailty,GAP,equal_opportunity_difference,,,25.0,True,2000.0,2000.0,0.0,False,True,"inherits the auroc event floor from its constituent subgroups (non_frail), which fail it"
frailty,GAP,equalized_odds_gap,,,25.0,True,2000.0,2000.0,0.0,False,True,"inherits the auroc event floor from its constituent subgroups (non_frail), which fail it"
frailty,GAP,max_hl_gap,,,,False,,,,False,False,reportable
frailty,GAP,max_intercept_gap,,,25.0,True,2000.0,2000.0,0.0,False,True,"inherits the calibration_intercept event floor from its constituent subgroups (non_frail), which fail it"
frailty,GAP,max_net_benefit_gap,,,50.0,True,,,,False,True,"inherits the net_benefit event floor from its constituent subgroups (non_frail), which fail it"
frailty,GAP,max_slope_gap,,,100.0,True,2000.0,2000.0,0.0,False,True,"inherits the calibration_slope event floor from its constituent subgroups (non_frail, pre_frail), which fail it"
frailty,GAP,predictive_equality,,,25.0,True,2000.0,2000.0,0.0,False,True,"inherits the auroc event floor from its constituent subgroups (non_frail), which fail it"
frailty,GAP,statistical_parity,,,25.0,True,2000.0,2000.0,0.0,False,True,"inherits the auroc event floor from its constituent subgroups (non_frail), which fail it"
frailty,Overall,auprc,10719.0,504.0,25.0,False,2000.0,2000.0,0.0,False,False,reportable
frailty,Overall,auroc,10719.0,504.0,25.0,False,2000.0,2000.0,0.0,False,False,reportable
frailty,Overall,brier,10719.0,504.0,25.0,False,2000.0,2000.0,0.0,False,False,reportable
frailty,Overall,calibration_intercept,10719.0,504.0,25.0,False,2000.0,2000.0,0.0,False,False,reportable
frailty,Overall,calibration_slope,10719.0,504.0,100.0,False,2000.0,2000.0,0.0,False,False,reportable
frailty,Overall,net_benefit,10719.0,504.0,50.0,False,,,,False,False,reportable
frailty,Overall,npv,10719.0,504.0,25.0,False,2000.0,2000.0,0.0,False,False,reportable
frailty,Overall,ppv,10719.0,504.0,25.0,False,2000.0,2000.0,0.0,False,False,reportable
frailty,Overall,prevalence,10719.0,504.0,,False,2000.0,2000.0,0.0,False,False,reportable
frailty,Overall,sensitivity,10719.0,504.0,25.0,False,2000.0,2000.0,0.0,False,False,reportable
frailty,Overall,specificity,10719.0,504.0,25.0,False,2000.0,2000.0,0.0,False,False,reportable
frailty,frail,auprc,6139.0,400.0,25.0,False,2000.0,2000.0,0.0,False,False,reportable
frailty,frail,auroc,6139.0,400.0,25.0,False,2000.0,2000.0,0.0,False,False,reportable
frailty,frail,brier,6139.0,400.0,25.0,False,2000.0,2000.0,0.0,False,False,reportable
frailty,frail,calibration_intercept,6139.0,400.0,25.0,False,2000.0,2000.0,0.0,False,False,reportable
frailty,frail,calibration_slope,6139.0,400.0,100.0,False,2000.0,2000.0,0.0,False,False,reportable
frailty,frail,net_benefit,6139.0,400.0,50.0,False,,,,False,False,reportable
frailty,frail,npv,6139.0,400.0,25.0,False,2000.0,2000.0,0.0,False,False,reportable
frailty,frail,ppv,6139.0,400.0,25.0,False,2000.0,2000.0,0.0,False,False,reportable
frailty,frail,prevalence,6139.0,400.0,,False,2000.0,2000.0,0.0,False,False,reportable
frailty,frail,sensitivity,6139.0,400.0,25.0,False,2000.0,2000.0,0.0,False,False,reportable
frailty,frail,specificity,6139.0,400.0,25.0,False,2000.0,2000.0,0.0,False,False,reportable
frailty,non_frail,auprc,1022.0,6.0,25.0,True,2000.0,1991.0,0.0044999999999999485,False,True,below its pre-registered event floor
frailty,non_frail,auroc,1022.0,6.0,25.0,True,2000.0,1991.0,0.0044999999999999485,False,True,below its pre-registered event floor
frailty,non_frail,brier,1022.0,6.0,25.0,True,2000.0,2000.0,0.0,False,True,below its pre-registered event floor
frailty,non_frail,calibration_intercept,1022.0,6.0,25.0,True,2000.0,1991.0,0.0044999999999999485,False,True,below its pre-registered event floor
frailty,non_frail,calibration_slope,1022.0,6.0,100.0,True,2000.0,1991.0,0.0044999999999999485,False,True,below its pre-registered event floor
frailty,non_frail,net_benefit,1022.0,6.0,50.0,True,,,,False,True,below its pre-registered event floor
frailty,non_frail,npv,1022.0,6.0,25.0,True,2000.0,2000.0,0.0,False,True,below its pre-registered event floor
frailty,non_frail,ppv,1022.0,6.0,25.0,True,2000.0,2000.0,0.0,False,True,below its pre-registered event floor
frailty,non_frail,prevalence,1022.0,6.0,,False,2000.0,2000.0,0.0,False,False,reportable
frailty,non_frail,sensitivity,1022.0,6.0,25.0,True,2000.0,1991.0,0.0044999999999999485,False,True,below its pre-registered event floor
frailty,non_frail,specificity,1022.0,6.0,25.0,True,2000.0,2000.0,0.0,False,True,below its pre-registered event floor
frailty,pre_frail,auprc,3558.0,98.0,25.0,False,2000.0,2000.0,0.0,False,False,reportable
frailty,pre_frail,auroc,3558.0,98.0,25.0,False,2000.0,2000.0,0.0,False,False,reportable
frailty,pre_frail,brier,3558.0,98.0,25.0,False,2000.0,2000.0,0.0,False,False,reportable
frailty,pre_frail,calibration_intercept,3558.0,98.0,25.0,False,2000.0,2000.0,0.0,False,False,reportable
frailty,pre_frail,calibration_slope,3558.0,98.0,100.0,True,2000.0,2000.0,0.0,False,True,below its pre-registered event floor
frailty,pre_frail,net_benefit,3558.0,98.0,50.0,False,,,,False,False,reportable
frailty,pre_frail,npv,3558.0,98.0,25.0,False,2000.0,2000.0,0.0,False,False,reportable
frailty,pre_frail,ppv,3558.0,98.0,25.0,False,2000.0,2000.0,0.0,False,False,reportable
frailty,pre_frail,prevalence,3558.0,98.0,,False,2000.0,2000.0,0.0,False,False,reportable
frailty,pre_frail,sensitivity,3558.0,98.0,25.0,False,2000.0,2000.0,0.0,False,False,reportable
frailty,pre_frail,specificity,3558.0,98.0,25.0,False,2000.0,2000.0,0.0,False,False,reportable
sex,GAP,equal_opportunity_difference,,,,False,2000.0,2000.0,0.0,False,False,reportable
sex,GAP,equalized_odds_gap,,,,False,2000.0,2000.0,0.0,False,False,reportable
sex,GAP,max_hl_gap,,,,False,,,,False,False,reportable
sex,GAP,max_intercept_gap,,,,False,2000.0,2000.0,0.0,False,False,reportable
sex,GAP,max_net_benefit_gap,,,,False,,,,False,False,reportable
sex,GAP,max_slope_gap,,,,False,2000.0,2000.0,0.0,False,False,reportable
sex,GAP,predictive_equality,,,,False,2000.0,2000.0,0.0,False,False,reportable
sex,GAP,statistical_parity,,,,False,2000.0,2000.0,0.0,False,False,reportable
sex,Overall,auprc,10719.0,504.0,25.0,False,2000.0,2000.0,0.0,False,False,reportable
sex,Overall,auroc,10719.0,504.0,25.0,False,2000.0,2000.0,0.0,False,False,reportable
sex,Overall,brier,10719.0,504.0,25.0,False,2000.0,2000.0,0.0,False,False,reportable
sex,Overall,calibration_intercept,10719.0,504.0,25.0,False,2000.0,2000.0,0.0,False,False,reportable
sex,Overall,calibration_slope,10719.0,504.0,100.0,False,2000.0,2000.0,0.0,False,False,reportable
sex,Overall,net_benefit,10719.0,504.0,50.0,False,,,,False,False,reportable
sex,Overall,npv,10719.0,504.0,25.0,False,2000.0,2000.0,0.0,False,False,reportable
sex,Overall,ppv,10719.0,504.0,25.0,False,2000.0,2000.0,0.0,False,False,reportable
sex,Overall,prevalence,10719.0,504.0,,False,2000.0,2000.0,0.0,False,False,reportable
sex,Overall,sensitivity,10719.0,504.0,25.0,False,2000.0,2000.0,0.0,False,False,reportable
sex,Overall,specificity,10719.0,504.0,25.0,False,2000.0,2000.0,0.0,False,False,reportable
sex,female,auprc,3689.0,190.0,25.0,False,2000.0,2000.0,0.0,False,False,reportable
sex,female,auroc,3689.0,190.0,25.0,False,2000.0,2000.0,0.0,False,False,reportable
sex,female,brier,3689.0,190.0,25.0,False,2000.0,2000.0,0.0,False,False,reportable
sex,female,calibration_intercept,3689.0,190.0,25.0,False,2000.0,2000.0,0.0,False,False,reportable
sex,female,calibration_slope,3689.0,190.0,100.0,False,2000.0,2000.0,0.0,False,False,reportable
sex,female,net_benefit,3689.0,190.0,50.0,False,,,,False,False,reportable
sex,female,npv,3689.0,190.0,25.0,False,2000.0,2000.0,0.0,False,False,reportable
sex,female,ppv,3689.0,190.0,25.0,False,2000.0,2000.0,0.0,False,False,reportable
sex,female,prevalence,3689.0,190.0,,False,2000.0,2000.0,0.0,False,False,reportable
sex,female,sensitivity,3689.0,190.0,25.0,False,2000.0,2000.0,0.0,False,False,reportable
sex,female,specificity,3689.0,190.0,25.0,False,2000.0,2000.0,0.0,False,False,reportable
sex,male,auprc,7030.0,314.0,25.0,False,2000.0,2000.0,0.0,False,False,reportable
sex,male,auroc,7030.0,314.0,25.0,False,2000.0,2000.0,0.0,False,False,reportable
sex,male,brier,7030.0,314.0,25.0,False,2000.0,2000.0,0.0,False,False,reportable
sex,male,calibration_intercept,7030.0,314.0,25.0,False,2000.0,2000.0,0.0,False,False,reportable
sex,male,calibration_slope,7030.0,314.0,100.0,False,2000.0,2000.0,0.0,False,False,reportable
sex,male,net_benefit,7030.0,314.0,50.0,False,,,,False,False,reportable
sex,male,npv,7030.0,314.0,25.0,False,2000.0,2000.0,0.0,False,False,reportable
sex,male,ppv,7030.0,314.0,25.0,False,2000.0,2000.0,0.0,False,False,reportable
sex,male,prevalence,7030.0,314.0,,False,2000.0,2000.0,0.0,False,False,reportable
sex,male,sensitivity,7030.0,314.0,25.0,False,2000.0,2000.0,0.0,False,False,reportable
sex,male,specificity,7030.0,314.0,25.0,False,2000.0,2000.0,0.0,False,False,reportable
sex × age_group,GAP,equal_opportunity_difference,,,25.0,True,2000.0,2000.0,0.0,False,True,"inherits the auroc event floor from its constituent subgroups (female / 0-17, female / 18-44, female / 80+, male / 0-17, male / 18-44), which fail it"
sex × age_group,GAP,equalized_odds_gap,,,25.0,True,2000.0,2000.0,0.0,False,True,"inherits the auroc event floor from its constituent subgroups (female / 0-17, female / 18-44, female / 80+, male / 0-17, male / 18-44), which fail it"
sex × age_group,GAP,max_hl_gap,,,,False,,,,False,False,reportable
sex × age_group,GAP,max_intercept_gap,,,25.0,True,2000.0,2000.0,0.0,False,True,"inherits the calibration_intercept event floor from its constituent subgroups (female / 0-17, female / 18-44, female / 80+, male / 0-17, male / 18-44), which fail it"
sex × age_group,GAP,max_net_benefit_gap,,,50.0,True,,,,False,True,"inherits the net_benefit event floor from its constituent subgroups (female / 0-17, female / 18-44, female / 80+, male / 0-17, male / 18-44, male / 80+), which fail it"
sex × age_group,GAP,max_slope_gap,,,100.0,True,2000.0,2000.0,0.0,False,True,"inherits the calibration_slope event floor from its constituent subgroups (female / 0-17, female / 18-44, female / 45-64, female / 65-79, female / 80+, male / 0-17, male / 18-44, male / 45-64, male / 80+), which fail it"
sex × age_group,GAP,predictive_equality,,,25.0,True,2000.0,2000.0,0.0,False,True,"inherits the auroc event floor from its constituent subgroups (female / 0-17, female / 18-44, female / 80+, male / 0-17, male / 18-44), which fail it"
sex × age_group,GAP,statistical_parity,,,25.0,True,2000.0,2000.0,0.0,False,True,"inherits the auroc event floor from its constituent subgroups (female / 0-17, female / 18-44, female / 80+, male / 0-17, male / 18-44), which fail it"
sex × age_group,Overall,auprc,10719.0,504.0,25.0,False,2000.0,2000.0,0.0,False,False,reportable
sex × age_group,Overall,auroc,10719.0,504.0,25.0,False,2000.0,2000.0,0.0,False,False,reportable
sex × age_group,Overall,brier,10719.0,504.0,25.0,False,2000.0,2000.0,0.0,False,False,reportable
sex × age_group,Overall,calibration_intercept,10719.0,504.0,25.0,False,2000.0,2000.0,0.0,False,False,reportable
sex × age_group,Overall,calibration_slope,10719.0,504.0,100.0,False,2000.0,2000.0,0.0,False,False,reportable
sex × age_group,Overall,net_benefit,10719.0,504.0,50.0,False,,,,False,False,reportable
sex × age_group,Overall,npv,10719.0,504.0,25.0,False,2000.0,2000.0,0.0,False,False,reportable
sex × age_group,Overall,ppv,10719.0,504.0,25.0,False,2000.0,2000.0,0.0,False,False,reportable
sex × age_group,Overall,prevalence,10719.0,504.0,,False,2000.0,2000.0,0.0,False,False,reportable
sex × age_group,Overall,sensitivity,10719.0,504.0,25.0,False,2000.0,2000.0,0.0,False,False,reportable
sex × age_group,Overall,specificity,10719.0,504.0,25.0,False,2000.0,2000.0,0.0,False,False,reportable
sex × age_group,female / 0-17,auprc,175.0,13.0,25.0,True,2000.0,2000.0,0.0,False,True,below its pre-registered event floor
sex × age_group,female / 0-17,auroc,175.0,13.0,25.0,True,2000.0,2000.0,0.0,False,True,below its pre-registered event floor
sex × age_group,female / 0-17,brier,175.0,13.0,25.0,True,2000.0,2000.0,0.0,False,True,below its pre-registered event floor
sex × age_group,female / 0-17,calibration_intercept,175.0,13.0,25.0,True,2000.0,2000.0,0.0,False,True,below its pre-registered event floor
sex × age_group,female / 0-17,calibration_slope,175.0,13.0,100.0,True,2000.0,2000.0,0.0,False,True,below its pre-registered event floor
sex × age_group,female / 0-17,net_benefit,175.0,13.0,50.0,True,,,,False,True,below its pre-registered event floor
sex × age_group,female / 0-17,npv,175.0,13.0,25.0,True,2000.0,2000.0,0.0,False,True,below its pre-registered event floor
sex × age_group,female / 0-17,ppv,175.0,13.0,25.0,True,2000.0,2000.0,0.0,False,True,below its pre-registered event floor
sex × age_group,female / 0-17,prevalence,175.0,13.0,,False,2000.0,2000.0,0.0,False,False,reportable
sex × age_group,female / 0-17,sensitivity,175.0,13.0,25.0,True,2000.0,2000.0,0.0,False,True,below its pre-registered event floor
sex × age_group,female / 0-17,specificity,175.0,13.0,25.0,True,2000.0,2000.0,0.0,False,True,below its pre-registered event floor
sex × age_group,female / 18-44,auprc,408.0,13.0,25.0,True,2000.0,2000.0,0.0,False,True,below its pre-registered event floor
sex × age_group,female / 18-44,auroc,408.0,13.0,25.0,True,2000.0,2000.0,0.0,False,True,below its pre-registered event floor
sex × age_group,female / 18-44,brier,408.0,13.0,25.0,True,2000.0,2000.0,0.0,False,True,below its pre-registered event floor
sex × age_group,female / 18-44,calibration_intercept,408.0,13.0,25.0,True,2000.0,2000.0,0.0,False,True,below its pre-registered event floor
sex × age_group,female / 18-44,calibration_slope,408.0,13.0,100.0,True,2000.0,2000.0,0.0,False,True,below its pre-registered event floor
sex × age_group,female / 18-44,net_benefit,408.0,13.0,50.0,True,,,,False,True,below its pre-registered event floor
sex × age_group,female / 18-44,npv,408.0,13.0,25.0,True,2000.0,2000.0,0.0,False,True,below its pre-registered event floor
sex × age_group,female / 18-44,ppv,408.0,13.0,25.0,True,2000.0,2000.0,0.0,False,True,below its pre-registered event floor
sex × age_group,female / 18-44,prevalence,408.0,13.0,,False,2000.0,2000.0,0.0,False,False,reportable
sex × age_group,female / 18-44,sensitivity,408.0,13.0,25.0,True,2000.0,2000.0,0.0,False,True,below its pre-registered event floor
sex × age_group,female / 18-44,specificity,408.0,13.0,25.0,True,2000.0,2000.0,0.0,False,True,below its pre-registered event floor
sex × age_group,female / 45-64,auprc,1179.0,52.0,25.0,False,2000.0,2000.0,0.0,False,False,reportable
sex × age_group,female / 45-64,auroc,1179.0,52.0,25.0,False,2000.0,2000.0,0.0,False,False,reportable
sex × age_group,female / 45-64,brier,1179.0,52.0,25.0,False,2000.0,2000.0,0.0,False,False,reportable
sex × age_group,female / 45-64,calibration_intercept,1179.0,52.0,25.0,False,2000.0,2000.0,0.0,False,False,reportable
sex × age_group,female / 45-64,calibration_slope,1179.0,52.0,100.0,True,2000.0,2000.0,0.0,False,True,below its pre-registered event floor
sex × age_group,female / 45-64,net_benefit,1179.0,52.0,50.0,False,,,,False,False,reportable
sex × age_group,female / 45-64,npv,1179.0,52.0,25.0,False,2000.0,2000.0,0.0,False,False,reportable
sex × age_group,female / 45-64,ppv,1179.0,52.0,25.0,False,2000.0,2000.0,0.0,False,False,reportable
sex × age_group,female / 45-64,prevalence,1179.0,52.0,,False,2000.0,2000.0,0.0,False,False,reportable
sex × age_group,female / 45-64,sensitivity,1179.0,52.0,25.0,False,2000.0,2000.0,0.0,False,False,reportable
sex × age_group,female / 45-64,specificity,1179.0,52.0,25.0,False,2000.0,2000.0,0.0,False,False,reportable
sex × age_group,female / 65-79,auprc,1470.0,93.0,25.0,False,2000.0,2000.0,0.0,False,False,reportable
sex × age_group,female / 65-79,auroc,1470.0,93.0,25.0,False,2000.0,2000.0,0.0,False,False,reportable
sex × age_group,female / 65-79,brier,1470.0,93.0,25.0,False,2000.0,2000.0,0.0,False,False,reportable
sex × age_group,female / 65-79,calibration_intercept,1470.0,93.0,25.0,False,2000.0,2000.0,0.0,False,False,reportable
sex × age_group,female / 65-79,calibration_slope,1470.0,93.0,100.0,True,2000.0,2000.0,0.0,False,True,below its pre-registered event floor
sex × age_group,female / 65-79,net_benefit,1470.0,93.0,50.0,False,,,,False,False,reportable
sex × age_group,female / 65-79,npv,1470.0,93.0,25.0,False,2000.0,2000.0,0.0,False,False,reportable
sex × age_group,female / 65-79,ppv,1470.0,93.0,25.0,False,2000.0,2000.0,0.0,False,False,reportable
sex × age_group,female / 65-79,prevalence,1470.0,93.0,,False,2000.0,2000.0,0.0,False,False,reportable
sex × age_group,female / 65-79,sensitivity,1470.0,93.0,25.0,False,2000.0,2000.0,0.0,False,False,reportable
sex × age_group,female / 65-79,specificity,1470.0,93.0,25.0,False,2000.0,2000.0,0.0,False,False,reportable
sex × age_group,female / 80+,auprc,457.0,19.0,25.0,True,2000.0,2000.0,0.0,False,True,below its pre-registered event floor
sex × age_group,female / 80+,auroc,457.0,19.0,25.0,True,2000.0,2000.0,0.0,False,True,below its pre-registered event floor
sex × age_group,female / 80+,brier,457.0,19.0,25.0,True,2000.0,2000.0,0.0,False,True,below its pre-registered event floor
sex × age_group,female / 80+,calibration_intercept,457.0,19.0,25.0,True,2000.0,2000.0,0.0,False,True,below its pre-registered event floor
sex × age_group,female / 80+,calibration_slope,457.0,19.0,100.0,True,2000.0,2000.0,0.0,False,True,below its pre-registered event floor
sex × age_group,female / 80+,net_benefit,457.0,19.0,50.0,True,,,,False,True,below its pre-registered event floor
sex × age_group,female / 80+,npv,457.0,19.0,25.0,True,2000.0,2000.0,0.0,False,True,below its pre-registered event floor
sex × age_group,female / 80+,ppv,457.0,19.0,25.0,True,2000.0,2000.0,0.0,False,True,below its pre-registered event floor
sex × age_group,female / 80+,prevalence,457.0,19.0,,False,2000.0,2000.0,0.0,False,False,reportable
sex × age_group,female / 80+,sensitivity,457.0,19.0,25.0,True,2000.0,2000.0,0.0,False,True,below its pre-registered event floor
sex × age_group,female / 80+,specificity,457.0,19.0,25.0,True,2000.0,2000.0,0.0,False,True,below its pre-registered event floor
sex × age_group,male / 0-17,auprc,192.0,8.0,25.0,True,2000.0,2000.0,0.0,False,True,below its pre-registered event floor
sex × age_group,male / 0-17,auroc,192.0,8.0,25.0,True,2000.0,2000.0,0.0,False,True,below its pre-registered event floor
sex × age_group,male / 0-17,brier,192.0,8.0,25.0,True,2000.0,2000.0,0.0,False,True,below its pre-registered event floor
sex × age_group,male / 0-17,calibration_intercept,192.0,8.0,25.0,True,2000.0,2000.0,0.0,False,True,below its pre-registered event floor
sex × age_group,male / 0-17,calibration_slope,192.0,8.0,100.0,True,2000.0,2000.0,0.0,False,True,below its pre-registered event floor
sex × age_group,male / 0-17,net_benefit,192.0,8.0,50.0,True,,,,False,True,below its pre-registered event floor
sex × age_group,male / 0-17,npv,192.0,8.0,25.0,True,2000.0,2000.0,0.0,False,True,below its pre-registered event floor
sex × age_group,male / 0-17,ppv,192.0,8.0,25.0,True,2000.0,2000.0,0.0,False,True,below its pre-registered event floor
sex × age_group,male / 0-17,prevalence,192.0,8.0,,False,2000.0,2000.0,0.0,False,False,reportable
sex × age_group,male / 0-17,sensitivity,192.0,8.0,25.0,True,2000.0,2000.0,0.0,False,True,below its pre-registered event floor
sex × age_group,male / 0-17,specificity,192.0,8.0,25.0,True,2000.0,2000.0,0.0,False,True,below its pre-registered event floor
sex × age_group,male / 18-44,auprc,533.0,21.0,25.0,True,2000.0,2000.0,0.0,False,True,below its pre-registered event floor
sex × age_group,male / 18-44,auroc,533.0,21.0,25.0,True,2000.0,2000.0,0.0,False,True,below its pre-registered event floor
sex × age_group,male / 18-44,brier,533.0,21.0,25.0,True,2000.0,2000.0,0.0,False,True,below its pre-registered event floor
sex × age_group,male / 18-44,calibration_intercept,533.0,21.0,25.0,True,2000.0,2000.0,0.0,False,True,below its pre-registered event floor
sex × age_group,male / 18-44,calibration_slope,533.0,21.0,100.0,True,2000.0,2000.0,0.0,False,True,below its pre-registered event floor
sex × age_group,male / 18-44,net_benefit,533.0,21.0,50.0,True,,,,False,True,below its pre-registered event floor
sex × age_group,male / 18-44,npv,533.0,21.0,25.0,True,2000.0,2000.0,0.0,False,True,below its pre-registered event floor
sex × age_group,male / 18-44,ppv,533.0,21.0,25.0,True,2000.0,2000.0,0.0,False,True,below its pre-registered event floor
sex × age_group,male / 18-44,prevalence,533.0,21.0,,False,2000.0,2000.0,0.0,False,False,reportable
sex × age_group,male / 18-44,sensitivity,533.0,21.0,25.0,True,2000.0,2000.0,0.0,False,True,below its pre-registered event floor
sex × age_group,male / 18-44,specificity,533.0,21.0,25.0,True,2000.0,2000.0,0.0,False,True,below its pre-registered event floor
sex × age_group,male / 45-64,auprc,2536.0,95.0,25.0,False,2000.0,2000.0,0.0,False,False,reportable
sex × age_group,male / 45-64,auroc,2536.0,95.0,25.0,False,2000.0,2000.0,0.0,False,False,reportable
sex × age_group,male / 45-64,brier,2536.0,95.0,25.0,False,2000.0,2000.0,0.0,False,False,reportable
sex × age_group,male / 45-64,calibration_intercept,2536.0,95.0,25.0,False,2000.0,2000.0,0.0,False,False,reportable
sex × age_group,male / 45-64,calibration_slope,2536.0,95.0,100.0,True,2000.0,2000.0,0.0,False,True,below its pre-registered event floor
sex × age_group,male / 45-64,net_benefit,2536.0,95.0,50.0,False,,,,False,False,reportable
sex × age_group,male / 45-64,npv,2536.0,95.0,25.0,False,2000.0,2000.0,0.0,False,False,reportable
sex × age_group,male / 45-64,ppv,2536.0,95.0,25.0,False,2000.0,2000.0,0.0,False,False,reportable
sex × age_group,male / 45-64,prevalence,2536.0,95.0,,False,2000.0,2000.0,0.0,False,False,reportable
sex × age_group,male / 45-64,sensitivity,2536.0,95.0,25.0,False,2000.0,2000.0,0.0,False,False,reportable
sex × age_group,male / 45-64,specificity,2536.0,95.0,25.0,False,2000.0,2000.0,0.0,False,False,reportable
sex × age_group,male / 65-79,auprc,3214.0,156.0,25.0,False,2000.0,2000.0,0.0,False,False,reportable
sex × age_group,male / 65-79,auroc,3214.0,156.0,25.0,False,2000.0,2000.0,0.0,False,False,reportable
sex × age_group,male / 65-79,brier,3214.0,156.0,25.0,False,2000.0,2000.0,0.0,False,False,reportable
sex × age_group,male / 65-79,calibration_intercept,3214.0,156.0,25.0,False,2000.0,2000.0,0.0,False,False,reportable
sex × age_group,male / 65-79,calibration_slope,3214.0,156.0,100.0,False,2000.0,2000.0,0.0,False,False,reportable
sex × age_group,male / 65-79,net_benefit,3214.0,156.0,50.0,False,,,,False,False,reportable
sex × age_group,male / 65-79,npv,3214.0,156.0,25.0,False,2000.0,2000.0,0.0,False,False,reportable
sex × age_group,male / 65-79,ppv,3214.0,156.0,25.0,False,2000.0,2000.0,0.0,False,False,reportable
sex × age_group,male / 65-79,prevalence,3214.0,156.0,,False,2000.0,2000.0,0.0,False,False,reportable
sex × age_group,male / 65-79,sensitivity,3214.0,156.0,25.0,False,2000.0,2000.0,0.0,False,False,reportable
sex × age_group,male / 65-79,specificity,3214.0,156.0,25.0,False,2000.0,2000.0,0.0,False,False,reportable
sex × age_group,male / 80+,auprc,555.0,34.0,25.0,False,2000.0,2000.0,0.0,False,False,reportable
sex × age_group,male / 80+,auroc,555.0,34.0,25.0,False,2000.0,2000.0,0.0,False,False,reportable
sex × age_group,male / 80+,brier,555.0,34.0,25.0,False,2000.0,2000.0,0.0,False,False,reportable
sex × age_group,male / 80+,calibration_intercept,555.0,34.0,25.0,False,2000.0,2000.0,0.0,False,False,reportable
sex × age_group,male / 80+,calibration_slope,555.0,34.0,100.0,True,2000.0,2000.0,0.0,False,True,below its pre-registered event floor
sex × age_group,male / 80+,net_benefit,555.0,34.0,50.0,True,,,,False,True,below its pre-registered event floor
sex × age_group,male / 80+,npv,555.0,34.0,25.0,False,2000.0,2000.0,0.0,False,False,reportable
sex × age_group,male / 80+,ppv,555.0,34.0,25.0,False,2000.0,2000.0,0.0,False,False,reportable
sex × age_group,male / 80+,prevalence,555.0,34.0,,False,2000.0,2000.0,0.0,False,False,reportable
sex × age_group,male / 80+,sensitivity,555.0,34.0,25.0,False,2000.0,2000.0,0.0,False,False,reportable
sex × age_group,male / 80+,specificity,555.0,34.0,25.0,False,2000.0,2000.0,0.0,False,False,reportable
sex × frailty,GAP,equal_opportunity_difference,,,25.0,True,2000.0,2000.0,0.0,False,True,"inherits the auroc event floor from its constituent subgroups (female / non_frail, male / non_frail), which fail it"
sex × frailty,GAP,equalized_odds_gap,,,25.0,True,2000.0,2000.0,0.0,False,True,"inherits the auroc event floor from its constituent subgroups (female / non_frail, male / non_frail), which fail it"
sex × frailty,GAP,max_hl_gap,,,,False,,,,False,False,reportable
sex × frailty,GAP,max_intercept_gap,,,25.0,True,2000.0,2000.0,0.0,False,True,"inherits the calibration_intercept event floor from its constituent subgroups (female / non_frail, male / non_frail), which fail it"
sex × frailty,GAP,max_net_benefit_gap,,,50.0,True,,,,False,True,"inherits the net_benefit event floor from its constituent subgroups (female / non_frail, male / non_frail, male / pre_frail), which fail it"
sex × frailty,GAP,max_slope_gap,,,100.0,True,2000.0,2000.0,0.0,False,True,"inherits the calibration_slope event floor from its constituent subgroups (female / non_frail, female / pre_frail, male / non_frail, male / pre_frail), which fail it"
sex × frailty,GAP,predictive_equality,,,25.0,True,2000.0,2000.0,0.0,False,True,"inherits the auroc event floor from its constituent subgroups (female / non_frail, male / non_frail), which fail it"
sex × frailty,GAP,statistical_parity,,,25.0,True,2000.0,2000.0,0.0,False,True,"inherits the auroc event floor from its constituent subgroups (female / non_frail, male / non_frail), which fail it"
sex × frailty,Overall,auprc,10719.0,504.0,25.0,False,2000.0,2000.0,0.0,False,False,reportable
sex × frailty,Overall,auroc,10719.0,504.0,25.0,False,2000.0,2000.0,0.0,False,False,reportable
sex × frailty,Overall,brier,10719.0,504.0,25.0,False,2000.0,2000.0,0.0,False,False,reportable
sex × frailty,Overall,calibration_intercept,10719.0,504.0,25.0,False,2000.0,2000.0,0.0,False,False,reportable
sex × frailty,Overall,calibration_slope,10719.0,504.0,100.0,False,2000.0,2000.0,0.0,False,False,reportable
sex × frailty,Overall,net_benefit,10719.0,504.0,50.0,False,,,,False,False,reportable
sex × frailty,Overall,npv,10719.0,504.0,25.0,False,2000.0,2000.0,0.0,False,False,reportable
sex × frailty,Overall,ppv,10719.0,504.0,25.0,False,2000.0,2000.0,0.0,False,False,reportable
sex × frailty,Overall,prevalence,10719.0,504.0,,False,2000.0,2000.0,0.0,False,False,reportable
sex × frailty,Overall,sensitivity,10719.0,504.0,25.0,False,2000.0,2000.0,0.0,False,False,reportable
sex × frailty,Overall,specificity,10719.0,504.0,25.0,False,2000.0,2000.0,0.0,False,False,reportable
sex × frailty,female / frail,auprc,1666.0,129.0,25.0,False,2000.0,2000.0,0.0,False,False,reportable
sex × frailty,female / frail,auroc,1666.0,129.0,25.0,False,2000.0,2000.0,0.0,False,False,reportable
sex × frailty,female / frail,brier,1666.0,129.0,25.0,False,2000.0,2000.0,0.0,False,False,reportable
sex × frailty,female / frail,calibration_intercept,1666.0,129.0,25.0,False,2000.0,2000.0,0.0,False,False,reportable
sex × frailty,female / frail,calibration_slope,1666.0,129.0,100.0,False,2000.0,2000.0,0.0,False,False,reportable
sex × frailty,female / frail,net_benefit,1666.0,129.0,50.0,False,,,,False,False,reportable
sex × frailty,female / frail,npv,1666.0,129.0,25.0,False,2000.0,2000.0,0.0,False,False,reportable
sex × frailty,female / frail,ppv,1666.0,129.0,25.0,False,2000.0,2000.0,0.0,False,False,reportable
sex × frailty,female / frail,prevalence,1666.0,129.0,,False,2000.0,2000.0,0.0,False,False,reportable
sex × frailty,female / frail,sensitivity,1666.0,129.0,25.0,False,2000.0,2000.0,0.0,False,False,reportable
sex × frailty,female / frail,specificity,1666.0,129.0,25.0,False,2000.0,2000.0,0.0,False,False,reportable
sex × frailty,female / non_frail,auprc,522.0,1.0,25.0,True,2000.0,1232.0,0.384,True,True,"below its event floor, and >10% of replicates non-estimable"
sex × frailty,female / non_frail,auroc,522.0,1.0,25.0,True,2000.0,1232.0,0.384,True,True,"below its event floor, and >10% of replicates non-estimable"
sex × frailty,female / non_frail,brier,522.0,1.0,25.0,True,2000.0,2000.0,0.0,False,True,below its pre-registered event floor
sex × frailty,female / non_frail,calibration_intercept,522.0,1.0,25.0,True,2000.0,1232.0,0.384,True,True,"below its event floor, and >10% of replicates non-estimable"
sex × frailty,female / non_frail,calibration_slope,522.0,1.0,100.0,True,2000.0,1232.0,0.384,True,True,"below its event floor, and >10% of replicates non-estimable"
sex × frailty,female / non_frail,net_benefit,522.0,1.0,50.0,True,,,,False,True,below its pre-registered event floor
sex × frailty,female / non_frail,npv,522.0,1.0,25.0,True,2000.0,2000.0,0.0,False,True,below its pre-registered event floor
sex × frailty,female / non_frail,ppv,522.0,1.0,25.0,True,2000.0,2000.0,0.0,False,True,below its pre-registered event floor
sex × frailty,female / non_frail,prevalence,522.0,1.0,,False,2000.0,2000.0,0.0,False,False,reportable
sex × frailty,female / non_frail,sensitivity,522.0,1.0,25.0,True,2000.0,1232.0,0.384,True,True,"below its event floor, and >10% of replicates non-estimable"
sex × frailty,female / non_frail,specificity,522.0,1.0,25.0,True,2000.0,2000.0,0.0,False,True,below its pre-registered event floor
sex × frailty,female / pre_frail,auprc,1501.0,60.0,25.0,False,2000.0,2000.0,0.0,False,False,reportable
sex × frailty,female / pre_frail,auroc,1501.0,60.0,25.0,False,2000.0,2000.0,0.0,False,False,reportable
sex × frailty,female / pre_frail,brier,1501.0,60.0,25.0,False,2000.0,2000.0,0.0,False,False,reportable
sex × frailty,female / pre_frail,calibration_intercept,1501.0,60.0,25.0,False,2000.0,2000.0,0.0,False,False,reportable
sex × frailty,female / pre_frail,calibration_slope,1501.0,60.0,100.0,True,2000.0,2000.0,0.0,False,True,below its pre-registered event floor
sex × frailty,female / pre_frail,net_benefit,1501.0,60.0,50.0,False,,,,False,False,reportable
sex × frailty,female / pre_frail,npv,1501.0,60.0,25.0,False,2000.0,2000.0,0.0,False,False,reportable
sex × frailty,female / pre_frail,ppv,1501.0,60.0,25.0,False,2000.0,2000.0,0.0,False,False,reportable
sex × frailty,female / pre_frail,prevalence,1501.0,60.0,,False,2000.0,2000.0,0.0,False,False,reportable
sex × frailty,female / pre_frail,sensitivity,1501.0,60.0,25.0,False,2000.0,2000.0,0.0,False,False,reportable
sex × frailty,female / pre_frail,specificity,1501.0,60.0,25.0,False,2000.0,2000.0,0.0,False,False,reportable
sex × frailty,male / frail,auprc,4473.0,271.0,25.0,False,2000.0,2000.0,0.0,False,False,reportable
sex × frailty,male / frail,auroc,4473.0,271.0,25.0,False,2000.0,2000.0,0.0,False,False,reportable
sex × frailty,male / frail,brier,4473.0,271.0,25.0,False,2000.0,2000.0,0.0,False,False,reportable
sex × frailty,male / frail,calibration_intercept,4473.0,271.0,25.0,False,2000.0,2000.0,0.0,False,False,reportable
sex × frailty,male / frail,calibration_slope,4473.0,271.0,100.0,False,2000.0,2000.0,0.0,False,False,reportable
sex × frailty,male / frail,net_benefit,4473.0,271.0,50.0,False,,,,False,False,reportable
sex × frailty,male / frail,npv,4473.0,271.0,25.0,False,2000.0,2000.0,0.0,False,False,reportable
sex × frailty,male / frail,ppv,4473.0,271.0,25.0,False,2000.0,2000.0,0.0,False,False,reportable
sex × frailty,male / frail,prevalence,4473.0,271.0,,False,2000.0,2000.0,0.0,False,False,reportable
sex × frailty,male / frail,sensitivity,4473.0,271.0,25.0,False,2000.0,2000.0,0.0,False,False,reportable
sex × frailty,male / frail,specificity,4473.0,271.0,25.0,False,2000.0,2000.0,0.0,False,False,reportable
sex × frailty,male / non_frail,auprc,500.0,5.0,25.0,True,2000.0,1985.0,0.007499999999999951,False,True,below its pre-registered event floor
sex × frailty,male / non_frail,auroc,500.0,5.0,25.0,True,2000.0,1985.0,0.007499999999999951,False,True,below its pre-registered event floor
sex × frailty,male / non_frail,brier,500.0,5.0,25.0,True,2000.0,2000.0,0.0,False,True,below its pre-registered event floor
sex × frailty,male / non_frail,calibration_intercept,500.0,5.0,25.0,True,2000.0,1985.0,0.007499999999999951,False,True,below its pre-registered event floor
sex × frailty,male / non_frail,calibration_slope,500.0,5.0,100.0,True,2000.0,1985.0,0.007499999999999951,False,True,below its pre-registered event floor
sex × frailty,male / non_frail,net_benefit,500.0,5.0,50.0,True,,,,False,True,below its pre-registered event floor
sex × frailty,male / non_frail,npv,500.0,5.0,25.0,True,2000.0,2000.0,0.0,False,True,below its pre-registered event floor
sex × frailty,male / non_frail,ppv,500.0,5.0,25.0,True,2000.0,2000.0,0.0,False,True,below its pre-registered event floor
sex × frailty,male / non_frail,prevalence,500.0,5.0,,False,2000.0,2000.0,0.0,False,False,reportable
sex × frailty,male / non_frail,sensitivity,500.0,5.0,25.0,True,2000.0,1985.0,0.007499999999999951,False,True,below its pre-registered event floor
sex × frailty,male / non_frail,specificity,500.0,5.0,25.0,True,2000.0,2000.0,0.0,False,True,below its pre-registered event floor
sex × frailty,male / pre_frail,auprc,2057.0,38.0,25.0,False,2000.0,2000.0,0.0,False,False,reportable
sex × frailty,male / pre_frail,auroc,2057.0,38.0,25.0,False,2000.0,2000.0,0.0,False,False,reportable
sex × frailty,male / pre_frail,brier,2057.0,38.0,25.0,False,2000.0,2000.0,0.0,False,False,reportable
sex × frailty,male / pre_frail,calibration_intercept,2057.0,38.0,25.0,False,2000.0,2000.0,0.0,False,False,reportable
sex × frailty,male / pre_frail,calibration_slope,2057.0,38.0,100.0,True,2000.0,2000.0,0.0,False,True,below its pre-registered event floor
sex × frailty,male / pre_frail,net_benefit,2057.0,38.0,50.0,True,,,,False,True,below its pre-registered event floor
sex × frailty,male / pre_frail,npv,2057.0,38.0,25.0,False,2000.0,2000.0,0.0,False,False,reportable
sex × frailty,male / pre_frail,ppv,2057.0,38.0,25.0,False,2000.0,2000.0,0.0,False,False,reportable
sex × frailty,male / pre_frail,prevalence,2057.0,38.0,,False,2000.0,2000.0,0.0,False,False,reportable
sex × frailty,male / pre_frail,sensitivity,2057.0,38.0,25.0,False,2000.0,2000.0,0.0,False,False,reportable
sex × frailty,male / pre_frail,specificity,2057.0,38.0,25.0,False,2000.0,2000.0,0.0,False,False,reportable
surgical_group,GAP,equal_opportunity_difference,,,25.0,True,2000.0,2000.0,0.0,False,True,"inherits the auroc event floor from its constituent subgroups (chopcluster_1, chopcluster_11, chopcluster_3, chopcluster_8), which fail it"
surgical_group,GAP,equalized_odds_gap,,,25.0,True,2000.0,2000.0,0.0,False,True,"inherits the auroc event floor from its constituent subgroups (chopcluster_1, chopcluster_11, chopcluster_3, chopcluster_8), which fail it"
surgical_group,GAP,max_hl_gap,,,,False,,,,False,False,reportable
surgical_group,GAP,max_intercept_gap,,,25.0,True,2000.0,2000.0,0.0,False,True,"inherits the calibration_intercept event floor from its constituent subgroups (chopcluster_1, chopcluster_11, chopcluster_3, chopcluster_8), which fail it"
surgical_group,GAP,max_net_benefit_gap,,,50.0,True,,,,False,True,"inherits the net_benefit event floor from its constituent subgroups (chopcluster_1, chopcluster_10, chopcluster_11, chopcluster_13, chopcluster_3, chopcluster_5, chopcluster_7, chopcluster_8, none), which fail it"
surgical_group,GAP,max_slope_gap,,,100.0,True,2000.0,2000.0,0.0,False,True,"inherits the calibration_slope event floor from its constituent subgroups (chopcluster_1, chopcluster_10, chopcluster_11, chopcluster_12, chopcluster_13, chopcluster_3, chopcluster_5, chopcluster_6, chopcluster_7, chopcluster_8, none), which fail it"
surgical_group,GAP,predictive_equality,,,25.0,True,2000.0,2000.0,0.0,False,True,"inherits the auroc event floor from its constituent subgroups (chopcluster_1, chopcluster_11, chopcluster_3, chopcluster_8), which fail it"
surgical_group,GAP,statistical_parity,,,25.0,True,2000.0,2000.0,0.0,False,True,"inherits the auroc event floor from its constituent subgroups (chopcluster_1, chopcluster_11, chopcluster_3, chopcluster_8), which fail it"
surgical_group,Overall,auprc,10719.0,504.0,25.0,False,2000.0,2000.0,0.0,False,False,reportable
surgical_group,Overall,auroc,10719.0,504.0,25.0,False,2000.0,2000.0,0.0,False,False,reportable
surgical_group,Overall,brier,10719.0,504.0,25.0,False,2000.0,2000.0,0.0,False,False,reportable
surgical_group,Overall,calibration_intercept,10719.0,504.0,25.0,False,2000.0,2000.0,0.0,False,False,reportable
surgical_group,Overall,calibration_slope,10719.0,504.0,100.0,False,2000.0,2000.0,0.0,False,False,reportable
surgical_group,Overall,net_benefit,10719.0,504.0,50.0,False,,,,False,False,reportable
surgical_group,Overall,npv,10719.0,504.0,25.0,False,2000.0,2000.0,0.0,False,False,reportable
surgical_group,Overall,ppv,10719.0,504.0,25.0,False,2000.0,2000.0,0.0,False,False,reportable
surgical_group,Overall,prevalence,10719.0,504.0,,False,2000.0,2000.0,0.0,False,False,reportable
surgical_group,Overall,sensitivity,10719.0,504.0,25.0,False,2000.0,2000.0,0.0,False,False,reportable
surgical_group,Overall,specificity,10719.0,504.0,25.0,False,2000.0,2000.0,0.0,False,False,reportable
surgical_group,chopcluster_1,auprc,903.0,22.0,25.0,True,2000.0,2000.0,0.0,False,True,below its pre-registered event floor
surgical_group,chopcluster_1,auroc,903.0,22.0,25.0,True,2000.0,2000.0,0.0,False,True,below its pre-registered event floor
surgical_group,chopcluster_1,brier,903.0,22.0,25.0,True,2000.0,2000.0,0.0,False,True,below its pre-registered event floor
surgical_group,chopcluster_1,calibration_intercept,903.0,22.0,25.0,True,2000.0,2000.0,0.0,False,True,below its pre-registered event floor
surgical_group,chopcluster_1,calibration_slope,903.0,22.0,100.0,True,2000.0,2000.0,0.0,False,True,below its pre-registered event floor
surgical_group,chopcluster_1,net_benefit,903.0,22.0,50.0,True,,,,False,True,below its pre-registered event floor
surgical_group,chopcluster_1,npv,903.0,22.0,25.0,True,2000.0,2000.0,0.0,False,True,below its pre-registered event floor
surgical_group,chopcluster_1,ppv,903.0,22.0,25.0,True,2000.0,2000.0,0.0,False,True,below its pre-registered event floor
surgical_group,chopcluster_1,prevalence,903.0,22.0,,False,2000.0,2000.0,0.0,False,False,reportable
surgical_group,chopcluster_1,sensitivity,903.0,22.0,25.0,True,2000.0,2000.0,0.0,False,True,below its pre-registered event floor
surgical_group,chopcluster_1,specificity,903.0,22.0,25.0,True,2000.0,2000.0,0.0,False,True,below its pre-registered event floor
surgical_group,chopcluster_10,auprc,346.0,28.0,25.0,False,2000.0,2000.0,0.0,False,False,reportable
surgical_group,chopcluster_10,auroc,346.0,28.0,25.0,False,2000.0,2000.0,0.0,False,False,reportable
surgical_group,chopcluster_10,brier,346.0,28.0,25.0,False,2000.0,2000.0,0.0,False,False,reportable
surgical_group,chopcluster_10,calibration_intercept,346.0,28.0,25.0,False,2000.0,2000.0,0.0,False,False,reportable
surgical_group,chopcluster_10,calibration_slope,346.0,28.0,100.0,True,2000.0,2000.0,0.0,False,True,below its pre-registered event floor
surgical_group,chopcluster_10,net_benefit,346.0,28.0,50.0,True,,,,False,True,below its pre-registered event floor
surgical_group,chopcluster_10,npv,346.0,28.0,25.0,False,2000.0,2000.0,0.0,False,False,reportable
surgical_group,chopcluster_10,ppv,346.0,28.0,25.0,False,2000.0,2000.0,0.0,False,False,reportable
surgical_group,chopcluster_10,prevalence,346.0,28.0,,False,2000.0,2000.0,0.0,False,False,reportable
surgical_group,chopcluster_10,sensitivity,346.0,28.0,25.0,False,2000.0,2000.0,0.0,False,False,reportable
surgical_group,chopcluster_10,specificity,346.0,28.0,25.0,False,2000.0,2000.0,0.0,False,False,reportable
surgical_group,chopcluster_11,auprc,303.0,9.0,25.0,True,2000.0,2000.0,0.0,False,True,below its pre-registered event floor
surgical_group,chopcluster_11,auroc,303.0,9.0,25.0,True,2000.0,2000.0,0.0,False,True,below its pre-registered event floor
surgical_group,chopcluster_11,brier,303.0,9.0,25.0,True,2000.0,2000.0,0.0,False,True,below its pre-registered event floor
surgical_group,chopcluster_11,calibration_intercept,303.0,9.0,25.0,True,2000.0,2000.0,0.0,False,True,below its pre-registered event floor
surgical_group,chopcluster_11,calibration_slope,303.0,9.0,100.0,True,2000.0,2000.0,0.0,False,True,below its pre-registered event floor
surgical_group,chopcluster_11,net_benefit,303.0,9.0,50.0,True,,,,False,True,below its pre-registered event floor
surgical_group,chopcluster_11,npv,303.0,9.0,25.0,True,2000.0,2000.0,0.0,False,True,below its pre-registered event floor
surgical_group,chopcluster_11,ppv,303.0,9.0,25.0,True,2000.0,2000.0,0.0,False,True,below its pre-registered event floor
surgical_group,chopcluster_11,prevalence,303.0,9.0,,False,2000.0,2000.0,0.0,False,False,reportable
surgical_group,chopcluster_11,sensitivity,303.0,9.0,25.0,True,2000.0,2000.0,0.0,False,True,below its pre-registered event floor
surgical_group,chopcluster_11,specificity,303.0,9.0,25.0,True,2000.0,2000.0,0.0,False,True,below its pre-registered event floor
surgical_group,chopcluster_12,auprc,1623.0,62.0,25.0,False,2000.0,2000.0,0.0,False,False,reportable
surgical_group,chopcluster_12,auroc,1623.0,62.0,25.0,False,2000.0,2000.0,0.0,False,False,reportable
surgical_group,chopcluster_12,brier,1623.0,62.0,25.0,False,2000.0,2000.0,0.0,False,False,reportable
surgical_group,chopcluster_12,calibration_intercept,1623.0,62.0,25.0,False,2000.0,2000.0,0.0,False,False,reportable
surgical_group,chopcluster_12,calibration_slope,1623.0,62.0,100.0,True,2000.0,2000.0,0.0,False,True,below its pre-registered event floor
surgical_group,chopcluster_12,net_benefit,1623.0,62.0,50.0,False,,,,False,False,reportable
surgical_group,chopcluster_12,npv,1623.0,62.0,25.0,False,2000.0,2000.0,0.0,False,False,reportable
surgical_group,chopcluster_12,ppv,1623.0,62.0,25.0,False,2000.0,2000.0,0.0,False,False,reportable
surgical_group,chopcluster_12,prevalence,1623.0,62.0,,False,2000.0,2000.0,0.0,False,False,reportable
surgical_group,chopcluster_12,sensitivity,1623.0,62.0,25.0,False,2000.0,2000.0,0.0,False,False,reportable
surgical_group,chopcluster_12,specificity,1623.0,62.0,25.0,False,2000.0,2000.0,0.0,False,False,reportable
surgical_group,chopcluster_13,auprc,213.0,43.0,25.0,False,2000.0,2000.0,0.0,False,False,reportable
surgical_group,chopcluster_13,auroc,213.0,43.0,25.0,False,2000.0,2000.0,0.0,False,False,reportable
surgical_group,chopcluster_13,brier,213.0,43.0,25.0,False,2000.0,2000.0,0.0,False,False,reportable
surgical_group,chopcluster_13,calibration_intercept,213.0,43.0,25.0,False,2000.0,2000.0,0.0,False,False,reportable
surgical_group,chopcluster_13,calibration_slope,213.0,43.0,100.0,True,2000.0,2000.0,0.0,False,True,below its pre-registered event floor
surgical_group,chopcluster_13,net_benefit,213.0,43.0,50.0,True,,,,False,True,below its pre-registered event floor
surgical_group,chopcluster_13,npv,213.0,43.0,25.0,False,2000.0,2000.0,0.0,False,False,reportable
surgical_group,chopcluster_13,ppv,213.0,43.0,25.0,False,2000.0,2000.0,0.0,False,False,reportable
surgical_group,chopcluster_13,prevalence,213.0,43.0,,False,2000.0,2000.0,0.0,False,False,reportable
surgical_group,chopcluster_13,sensitivity,213.0,43.0,25.0,False,2000.0,2000.0,0.0,False,False,reportable
surgical_group,chopcluster_13,specificity,213.0,43.0,25.0,False,2000.0,2000.0,0.0,False,False,reportable
surgical_group,chopcluster_3,auprc,807.0,22.0,25.0,True,2000.0,2000.0,0.0,False,True,below its pre-registered event floor
surgical_group,chopcluster_3,auroc,807.0,22.0,25.0,True,2000.0,2000.0,0.0,False,True,below its pre-registered event floor
surgical_group,chopcluster_3,brier,807.0,22.0,25.0,True,2000.0,2000.0,0.0,False,True,below its pre-registered event floor
surgical_group,chopcluster_3,calibration_intercept,807.0,22.0,25.0,True,2000.0,2000.0,0.0,False,True,below its pre-registered event floor
surgical_group,chopcluster_3,calibration_slope,807.0,22.0,100.0,True,2000.0,2000.0,0.0,False,True,below its pre-registered event floor
surgical_group,chopcluster_3,net_benefit,807.0,22.0,50.0,True,,,,False,True,below its pre-registered event floor
surgical_group,chopcluster_3,npv,807.0,22.0,25.0,True,2000.0,2000.0,0.0,False,True,below its pre-registered event floor
surgical_group,chopcluster_3,ppv,807.0,22.0,25.0,True,2000.0,2000.0,0.0,False,True,below its pre-registered event floor
surgical_group,chopcluster_3,prevalence,807.0,22.0,,False,2000.0,2000.0,0.0,False,False,reportable
surgical_group,chopcluster_3,sensitivity,807.0,22.0,25.0,True,2000.0,2000.0,0.0,False,True,below its pre-registered event floor
surgical_group,chopcluster_3,specificity,807.0,22.0,25.0,True,2000.0,2000.0,0.0,False,True,below its pre-registered event floor
surgical_group,chopcluster_4,auprc,3764.0,118.0,25.0,False,2000.0,2000.0,0.0,False,False,reportable
surgical_group,chopcluster_4,auroc,3764.0,118.0,25.0,False,2000.0,2000.0,0.0,False,False,reportable
surgical_group,chopcluster_4,brier,3764.0,118.0,25.0,False,2000.0,2000.0,0.0,False,False,reportable
surgical_group,chopcluster_4,calibration_intercept,3764.0,118.0,25.0,False,2000.0,2000.0,0.0,False,False,reportable
surgical_group,chopcluster_4,calibration_slope,3764.0,118.0,100.0,False,2000.0,2000.0,0.0,False,False,reportable
surgical_group,chopcluster_4,net_benefit,3764.0,118.0,50.0,False,,,,False,False,reportable
surgical_group,chopcluster_4,npv,3764.0,118.0,25.0,False,2000.0,2000.0,0.0,False,False,reportable
surgical_group,chopcluster_4,ppv,3764.0,118.0,25.0,False,2000.0,2000.0,0.0,False,False,reportable
surgical_group,chopcluster_4,prevalence,3764.0,118.0,,False,2000.0,2000.0,0.0,False,False,reportable
surgical_group,chopcluster_4,sensitivity,3764.0,118.0,25.0,False,2000.0,2000.0,0.0,False,False,reportable
surgical_group,chopcluster_4,specificity,3764.0,118.0,25.0,False,2000.0,2000.0,0.0,False,False,reportable
surgical_group,chopcluster_5,auprc,769.0,30.0,25.0,False,2000.0,2000.0,0.0,False,False,reportable
surgical_group,chopcluster_5,auroc,769.0,30.0,25.0,False,2000.0,2000.0,0.0,False,False,reportable
surgical_group,chopcluster_5,brier,769.0,30.0,25.0,False,2000.0,2000.0,0.0,False,False,reportable
surgical_group,chopcluster_5,calibration_intercept,769.0,30.0,25.0,False,2000.0,2000.0,0.0,False,False,reportable
surgical_group,chopcluster_5,calibration_slope,769.0,30.0,100.0,True,2000.0,2000.0,0.0,False,True,below its pre-registered event floor
surgical_group,chopcluster_5,net_benefit,769.0,30.0,50.0,True,,,,False,True,below its pre-registered event floor
surgical_group,chopcluster_5,npv,769.0,30.0,25.0,False,2000.0,2000.0,0.0,False,False,reportable
surgical_group,chopcluster_5,ppv,769.0,30.0,25.0,False,2000.0,2000.0,0.0,False,False,reportable
surgical_group,chopcluster_5,prevalence,769.0,30.0,,False,2000.0,2000.0,0.0,False,False,reportable
surgical_group,chopcluster_5,sensitivity,769.0,30.0,25.0,False,2000.0,2000.0,0.0,False,False,reportable
surgical_group,chopcluster_5,specificity,769.0,30.0,25.0,False,2000.0,2000.0,0.0,False,False,reportable
surgical_group,chopcluster_6,auprc,530.0,67.0,25.0,False,2000.0,2000.0,0.0,False,False,reportable
surgical_group,chopcluster_6,auroc,530.0,67.0,25.0,False,2000.0,2000.0,0.0,False,False,reportable
surgical_group,chopcluster_6,brier,530.0,67.0,25.0,False,2000.0,2000.0,0.0,False,False,reportable
surgical_group,chopcluster_6,calibration_intercept,530.0,67.0,25.0,False,2000.0,2000.0,0.0,False,False,reportable
surgical_group,chopcluster_6,calibration_slope,530.0,67.0,100.0,True,2000.0,2000.0,0.0,False,True,below its pre-registered event floor
surgical_group,chopcluster_6,net_benefit,530.0,67.0,50.0,False,,,,False,False,reportable
surgical_group,chopcluster_6,npv,530.0,67.0,25.0,False,2000.0,2000.0,0.0,False,False,reportable
surgical_group,chopcluster_6,ppv,530.0,67.0,25.0,False,2000.0,2000.0,0.0,False,False,reportable
surgical_group,chopcluster_6,prevalence,530.0,67.0,,False,2000.0,2000.0,0.0,False,False,reportable
surgical_group,chopcluster_6,sensitivity,530.0,67.0,25.0,False,2000.0,2000.0,0.0,False,False,reportable
surgical_group,chopcluster_6,specificity,530.0,67.0,25.0,False,2000.0,2000.0,0.0,False,False,reportable
surgical_group,chopcluster_7,auprc,298.0,36.0,25.0,False,2000.0,2000.0,0.0,False,False,reportable
surgical_group,chopcluster_7,auroc,298.0,36.0,25.0,False,2000.0,2000.0,0.0,False,False,reportable
surgical_group,chopcluster_7,brier,298.0,36.0,25.0,False,2000.0,2000.0,0.0,False,False,reportable
surgical_group,chopcluster_7,calibration_intercept,298.0,36.0,25.0,False,2000.0,2000.0,0.0,False,False,reportable
surgical_group,chopcluster_7,calibration_slope,298.0,36.0,100.0,True,2000.0,2000.0,0.0,False,True,below its pre-registered event floor
surgical_group,chopcluster_7,net_benefit,298.0,36.0,50.0,True,,,,False,True,below its pre-registered event floor
surgical_group,chopcluster_7,npv,298.0,36.0,25.0,False,2000.0,2000.0,0.0,False,False,reportable
surgical_group,chopcluster_7,ppv,298.0,36.0,25.0,False,2000.0,2000.0,0.0,False,False,reportable
surgical_group,chopcluster_7,prevalence,298.0,36.0,,False,2000.0,2000.0,0.0,False,False,reportable
surgical_group,chopcluster_7,sensitivity,298.0,36.0,25.0,False,2000.0,2000.0,0.0,False,False,reportable
surgical_group,chopcluster_7,specificity,298.0,36.0,25.0,False,2000.0,2000.0,0.0,False,False,reportable
surgical_group,chopcluster_8,auprc,306.0,23.0,25.0,True,2000.0,2000.0,0.0,False,True,below its pre-registered event floor
surgical_group,chopcluster_8,auroc,306.0,23.0,25.0,True,2000.0,2000.0,0.0,False,True,below its pre-registered event floor
surgical_group,chopcluster_8,brier,306.0,23.0,25.0,True,2000.0,2000.0,0.0,False,True,below its pre-registered event floor
surgical_group,chopcluster_8,calibration_intercept,306.0,23.0,25.0,True,2000.0,2000.0,0.0,False,True,below its pre-registered event floor
surgical_group,chopcluster_8,calibration_slope,306.0,23.0,100.0,True,2000.0,2000.0,0.0,False,True,below its pre-registered event floor
surgical_group,chopcluster_8,net_benefit,306.0,23.0,50.0,True,,,,False,True,below its pre-registered event floor
surgical_group,chopcluster_8,npv,306.0,23.0,25.0,True,2000.0,2000.0,0.0,False,True,below its pre-registered event floor
surgical_group,chopcluster_8,ppv,306.0,23.0,25.0,True,2000.0,2000.0,0.0,False,True,below its pre-registered event floor
surgical_group,chopcluster_8,prevalence,306.0,23.0,,False,2000.0,2000.0,0.0,False,False,reportable
surgical_group,chopcluster_8,sensitivity,306.0,23.0,25.0,True,2000.0,2000.0,0.0,False,True,below its pre-registered event floor
surgical_group,chopcluster_8,specificity,306.0,23.0,25.0,True,2000.0,2000.0,0.0,False,True,below its pre-registered event floor
surgical_group,none,auprc,857.0,44.0,25.0,False,2000.0,2000.0,0.0,False,False,reportable
surgical_group,none,auroc,857.0,44.0,25.0,False,2000.0,2000.0,0.0,False,False,reportable
surgical_group,none,brier,857.0,44.0,25.0,False,2000.0,2000.0,0.0,False,False,reportable
surgical_group,none,calibration_intercept,857.0,44.0,25.0,False,2000.0,2000.0,0.0,False,False,reportable
surgical_group,none,calibration_slope,857.0,44.0,100.0,True,2000.0,2000.0,0.0,False,True,below its pre-registered event floor
surgical_group,none,net_benefit,857.0,44.0,50.0,True,,,,False,True,below its pre-registered event floor
surgical_group,none,npv,857.0,44.0,25.0,False,2000.0,2000.0,0.0,False,False,reportable
surgical_group,none,ppv,857.0,44.0,25.0,False,2000.0,2000.0,0.0,False,False,reportable
surgical_group,none,prevalence,857.0,44.0,,False,2000.0,2000.0,0.0,False,False,reportable
surgical_group,none,sensitivity,857.0,44.0,25.0,False,2000.0,2000.0,0.0,False,False,reportable
surgical_group,none,specificity,857.0,44.0,25.0,False,2000.0,2000.0,0.0,False,False,reportable
